[
  {
     "STT":1
    ,"MaVT":"915004167201"
    ,"TenVT":"13804 Glass recessed 1x18W 230V 915004167201"
    ,"DVT":"Cai"
    ,"K13":  1
    ,"K02":" 0"
    ,"K17":  0
    ,"K19":  0
    ,"SLTon":"  1"
  },
  {
     "STT":2
    ,"MaVT":"915003444501."
    ,"TenVT":"15280 wall lantem grey 1x60W 230V 915003444501"
    ,"DVT":"Cai"
    ,"K13":  0
    ,"K02":"  1"
    ,"K17":  0
    ,"K19":  0
    ,"SLTon":"  1"
  },
  {
     "STT":3
    ,"MaVT":"915002238201"
    ,"TenVT":"16212 wall lantern antracit 1x24w 230V 915002238201"
    ,"DVT":"Cai"
    ,"K13":  0
    ,"K02":"  13"
    ,"K17":  0
    ,"K19":  0
    ,"SLTon":"  13"
  },
  {
     "STT":4
    ,"MaVT":"915002238101"
    ,"TenVT":"16212 wall lantern grey 1x24W 230V "
    ,"DVT":"Cai"
    ,"K13":  0
    ,"K02":"  13"
    ,"K17":  0
    ,"K19":  0
    ,"SLTon":"  13"
  },
  {
     "STT":5
    ,"MaVT":"915002145903"
    ,"TenVT":"16246 wall lantem grey 1x12W 230V 915002145903"
    ,"DVT":"Cai"
    ,"K13":  0
    ,"K02":"  1"
    ,"K17":  0
    ,"K19":  0
    ,"SLTon":"  1"
  },
  {
     "STT":6
    ,"MaVT":"915003428701."
    ,"TenVT":"16909 wall lantem grey 1x11W 240V 915003428701"
    ,"DVT":"Cai"
    ,"K13":  0
    ,"K02":"  12"
    ,"K17":  0
    ,"K19":  0
    ,"SLTon":"  12"
  },
  {
     "STT":7
    ,"MaVT":"915003431001."
    ,"TenVT":"16914 wall lantem antracit 1x22W 240V 915003431001"
    ,"DVT":"Cai"
    ,"K13":  0
    ,"K02":"  17"
    ,"K17":  0
    ,"K19":  0
    ,"SLTon":"  17"
  },
  {
     "STT":8
    ,"MaVT":"915003430901."
    ,"TenVT":"16914 wall lantem grey 1x22W 240V 915003430901"
    ,"DVT":"Cai"
    ,"K13":  0
    ,"K02":"  47"
    ,"K17":  0
    ,"K19":  0
    ,"SLTon":"  47"
  },
  {
     "STT":9
    ,"MaVT":"915003429501."
    ,"TenVT":"16917 wall lantem grey 1x24W 240V 915003429501"
    ,"DVT":"Cai"
    ,"K13":  0
    ,"K02":"  3"
    ,"K17":  0
    ,"K19":  0
    ,"SLTon":"  3"
  },
  {
     "STT":10
    ,"MaVT":"915002621201"
    ,"TenVT":"30049 ceiling lamp white 1x22w 230V 915002621201"
    ,"DVT":"Cai"
    ,"K13":  0
    ,"K02":"  3"
    ,"K17":  0
    ,"K19":  0
    ,"SLTon":"  3"
  },
  {
     "STT":11
    ,"MaVT":"915002233803."
    ,"TenVT":"30260 wall lamp bronze 1x13W 240V 915002233803"
    ,"DVT":"Cai"
    ,"K13":  0
    ,"K02":"  3"
    ,"K17":  1
    ,"K19":  0
    ,"SLTon":"  4"
  },
  {
     "STT":12
    ,"MaVT":"915002233903."
    ,"TenVT":"30260 wall lamp nickel 1x13W 240V 915002233903"
    ,"DVT":"Cai"
    ,"K13":  1
    ,"K02":"  0"
    ,"K17":  0
    ,"K19":  0
    ,"SLTon":"  1"
  },
  {
     "STT":13
    ,"MaVT":"915002235203."
    ,"TenVT":"30261 wall lamp nickel 1x8W 240V 915002235203"
    ,"DVT":"Cai"
    ,"K13":  0
    ,"K02":"  7"
    ,"K17":  0
    ,"K19":  0
    ,"SLTon":"  7"
  },
  {
     "STT":14
    ,"MaVT":"915002824001"
    ,"TenVT":"30353 ceiling lamp white 3x18W 230V 18 915002824001"
    ,"DVT":"Cai"
    ,"K13":  0
    ,"K02":"  1"
    ,"K17":  0
    ,"K19":  0
    ,"SLTon":"  1"
  },
  {
     "STT":15
    ,"MaVT":"915003471901"
    ,"TenVT":"30387 ceiling lamp white 9x24W 230V 915003471901"
    ,"DVT":"Cai"
    ,"K13":  0
    ,"K02":"  1"
    ,"K17":  0
    ,"K19":  0
    ,"SLTon":"  1"
  },
  {
     "STT":16
    ,"MaVT":"915003812901"
    ,"TenVT":"30389 wall lamp grey 2x23W 230V 915003812901"
    ,"DVT":"Cai"
    ,"K13":  0
    ,"K02":"  4"
    ,"K17":  0
    ,"K19":  0
    ,"SLTon":"  4"
  },
  {
     "STT":17
    ,"MaVT":"915003812601."
    ,"TenVT":"30392 SINGLE WALL LAMP wall lamp browm 1x24W 915003812601"
    ,"DVT":"Cai"
    ,"K13":  0
    ,"K02":"  7"
    ,"K17":  0
    ,"K19":  0
    ,"SLTon":"  7"
  },
  {
     "STT":18
    ,"MaVT":"915003543101"
    ,"TenVT":"30418 wall lamp white 2x24W 230V 915003543101"
    ,"DVT":"Cai"
    ,"K13":  0
    ,"K02":"  2"
    ,"K17":  0
    ,"K19":  0
    ,"SLTon":"  2"
  },
  {
     "STT":19
    ,"MaVT":"915004103101"
    ,"TenVT":"30507 ECO EYEFI table lamp grey 1x18W 915004103101"
    ,"DVT":"Cai"
    ,"K13":  0
    ,"K02":"  16"
    ,"K17":  0
    ,"K19":  0
    ,"SLTon":"  16"
  },
  {
     "STT":20
    ,"MaVT":"915004103001"
    ,"TenVT":"30507 ECO EYEFI table lamp white 1x18W 915004103001"
    ,"DVT":"Cai"
    ,"K13":  0
    ,"K02":"  8"
    ,"K17":  0
    ,"K19":  0
    ,"SLTon":"  8"
  },
  {
     "STT":21
    ,"MaVT":"915004134101"
    ,"TenVT":"30508 DANDELION table lamp black 1x11W"
    ,"DVT":"Cai"
    ,"K13":  0
    ,"K02":"  23"
    ,"K17":  0
    ,"K19":  0
    ,"SLTon":"  23"
  },
  {
     "STT":22
    ,"MaVT":"915004134001"
    ,"TenVT":"30508 DANDELION table lamp white 1x11W"
    ,"DVT":"Cai"
    ,"K13":  1
    ,"K02":"  37"
    ,"K17":  0
    ,"K19":  0
    ,"SLTon":"  38"
  },
  {
     "STT":23
    ,"MaVT":"915004102001"
    ,"TenVT":"30513 ceiling lamp white 1x32W 240V 915004102001"
    ,"DVT":"Cai"
    ,"K13":  0
    ,"K02":"  12"
    ,"K17":  0
    ,"K19":  0
    ,"SLTon":"  12"
  },
  {
     "STT":24
    ,"MaVT":"915004102101"
    ,"TenVT":"30515 ceiling lamp white 1x40W 240V 915004102101"
    ,"DVT":"Cai"
    ,"K13":  0
    ,"K02":"  44"
    ,"K17":  0
    ,"K19":  0
    ,"SLTon":"  44"
  },
  {
     "STT":25
    ,"MaVT":"915004102501"
    ,"TenVT":"30519 ceiling lamp white 1x40W 240V 915004102501"
    ,"DVT":"Cai"
    ,"K13":  0
    ,"K02":"  19"
    ,"K17":  0
    ,"K19":  0
    ,"SLTon":"  19"
  },
  {
     "STT":26
    ,"MaVT":"915003951001 "
    ,"TenVT":"30596 Concave recessed LED white 12x0.5 915003951001 "
    ,"DVT":"Cai"
    ,"K13":  0
    ,"K02":"  15"
    ,"K17":  0
    ,"K19":  0
    ,"SLTon":"  15"
  },
  {
     "STT":27
    ,"MaVT":"915003951501"
    ,"TenVT":"30598 Concave recessed LED white 20x0.5 915003951501"
    ,"DVT":"Cai"
    ,"K13":  0
    ,"K02":"  8"
    ,"K17":  0
    ,"K19":  0
    ,"SLTon":"  8"
  },
  {
     "STT":28
    ,"MaVT":"915003778001"
    ,"TenVT":"30643 wall lamp Black 1x40W 240V 915003778001"
    ,"DVT":"Cai"
    ,"K13":  0
    ,"K02":"  21"
    ,"K17":  0
    ,"K19":  0
    ,"SLTon":"  21"
  },
  {
     "STT":29
    ,"MaVT":"915003778201"
    ,"TenVT":"30644 pendant Black 1x40W 240V 915003778201"
    ,"DVT":"Cai"
    ,"K13":  0
    ,"K02":"  1"
    ,"K17":  0
    ,"K19":  0
    ,"SLTon":"  1"
  },
  {
     "STT":30
    ,"MaVT":"915003781801"
    ,"TenVT":"30651 shade red 915003781801"
    ,"DVT":"Cai"
    ,"K13":  0
    ,"K02":"  7"
    ,"K17":  0
    ,"K19":  0
    ,"SLTon":"  7"
  },
  {
     "STT":31
    ,"MaVT":"915003805801"
    ,"TenVT":"30654 wall lamp mixed 1x18W 230V 915003805801"
    ,"DVT":"Cai"
    ,"K13":  0
    ,"K02":"  13"
    ,"K17":  0
    ,"K19":  0
    ,"SLTon":"  13"
  },
  {
     "STT":32
    ,"MaVT":"915003805901"
    ,"TenVT":"30655 wall lamp mixed 1x18W 230V 915003805901"
    ,"DVT":"Cai"
    ,"K13":  0
    ,"K02":"  11"
    ,"K17":  0
    ,"K19":  0
    ,"SLTon":"  11"
  },
  {
     "STT":33
    ,"MaVT":"915004123701"
    ,"TenVT":"30655 wall lamp mixed 1x18w 230V 915004123701"
    ,"DVT":"Cai"
    ,"K13":  0
    ,"K02":"  5"
    ,"K17":  0
    ,"K19":  0
    ,"SLTon":"  5"
  },
  {
     "STT":34
    ,"MaVT":"915004132301"
    ,"TenVT":"30667 CATERPILLAR table lamp LED white 915004132301"
    ,"DVT":"Cai"
    ,"K13":  0
    ,"K02":"  3"
    ,"K17":  0
    ,"K19":  0
    ,"SLTon":"  3"
  },
  {
     "STT":35
    ,"MaVT":"915004269501"
    ,"TenVT":"30690 Pendant chrome 6x42w 230V 915004269501"
    ,"DVT":"Cai"
    ,"K13":  0
    ,"K02":"  9"
    ,"K17":  0
    ,"K19":  0
    ,"SLTon":"  9"
  },
  {
     "STT":36
    ,"MaVT":"915003934601"
    ,"TenVT":"30691 27K recessed LED white 1x3W 230V 915003934601"
    ,"DVT":"Cai"
    ,"K13":  0
    ,"K02":"  1"
    ,"K17":  0
    ,"K19":  0
    ,"SLTon":"  1"
  },
  {
     "STT":37
    ,"MaVT":"915003934701"
    ,"TenVT":"30692 27K recessed LED white 3x1w 230V 915003934701"
    ,"DVT":"Cai"
    ,"K13":  1
    ,"K02":"  0"
    ,"K17":  0
    ,"K19":  0
    ,"SLTon":"  1"
  },
  {
     "STT":38
    ,"MaVT":"915003934801"
    ,"TenVT":"30693 40K recessed LED white 1x3W 230V 915003934801"
    ,"DVT":"Cai"
    ,"K13":  0
    ,"K02":"  24"
    ,"K17":  0
    ,"K19":  0
    ,"SLTon":"  24"
  },
  {
     "STT":39
    ,"MaVT":"915004130101"
    ,"TenVT":"30753 65K LED Chargeable Light 915004130101"
    ,"DVT":"Cai"
    ,"K13":  0
    ,"K02":"  16"
    ,"K17":  0
    ,"K19":  0
    ,"SLTon":"  16"
  },
  {
     "STT":40
    ,"MaVT":"915004165901"
    ,"TenVT":"30804 57K celling lamp LED white 12W 915004165901"
    ,"DVT":"Cai"
    ,"K13":  0
    ,"K02":"  1"
    ,"K17":  0
    ,"K19":  0
    ,"SLTon":"  1"
  },
  {
     "STT":41
    ,"MaVT":"915004269701"
    ,"TenVT":"30896 pendant black 5x60w 230V 915004269701"
    ,"DVT":"Cai"
    ,"K13":  0
    ,"K02":"  1"
    ,"K17":  0
    ,"K19":  0
    ,"SLTon":"  1"
  },
  {
     "STT":42
    ,"MaVT":"915004269801"
    ,"TenVT":"30896 pendant BrowBrush 5x60w 230V 915004269801"
    ,"DVT":"Cai"
    ,"K13":  0
    ,"K02":"  1"
    ,"K17":  0
    ,"K19":  0
    ,"SLTon":"  1"
  },
  {
     "STT":43
    ,"MaVT":"915004487701"
    ,"TenVT":"31815 65K LED CEILING WHT 17W 915004487701"
    ,"DVT":"Cai"
    ,"K13":  0
    ,"K02":"  3"
    ,"K17":  0
    ,"K19":  0
    ,"SLTon":"  3"
  },
  {
     "STT":44
    ,"MaVT":"915004110701"
    ,"TenVT":"32033 wall spot chrome 2*12W 230V 915004110701"
    ,"DVT":"Cai"
    ,"K13":  0
    ,"K02":"  72"
    ,"K17":  0
    ,"K19":  0
    ,"SLTon":"  72"
  },
  {
     "STT":45
    ,"MaVT":"915004110801"
    ,"TenVT":"32035 wall spot chrome 1*12W 230V 915004110801"
    ,"DVT":"Cai"
    ,"K13":  0
    ,"K02":"  7"
    ,"K17":  0
    ,"K19":  0
    ,"SLTon":"  7"
  },
  {
     "STT":46
    ,"MaVT":"915004111001"
    ,"TenVT":"32036 wall spot chrome 2*12W 230V 915004111001"
    ,"DVT":"Cai"
    ,"K13":  0
    ,"K02":"  32"
    ,"K17":  0
    ,"K19":  0
    ,"SLTon":"  32"
  },
  {
     "STT":47
    ,"MaVT":"915004111201"
    ,"TenVT":"32045 wall spot chrome 2*12W 230V"
    ,"DVT":"Cai"
    ,"K13":  0
    ,"K02":"  3"
    ,"K17":  0
    ,"K19":  0
    ,"SLTon":"  3"
  },
  {
     "STT":48
    ,"MaVT":"915004110501"
    ,"TenVT":"32048 wall spot chrome 2*12W 230V 915004110501"
    ,"DVT":"Cai"
    ,"K13":  2
    ,"K02":"  43"
    ,"K17":  0
    ,"K19":  0
    ,"SLTon":"  45"
  },
  {
     "STT":49
    ,"MaVT":"915001676304."
    ,"TenVT":"32509 ceiling lamp aluminium 1x22W 240V 915001676304"
    ,"DVT":"Cai"
    ,"K13":  0
    ,"K02":"  1"
    ,"K17":  0
    ,"K19":  0
    ,"SLTon":"  1"
  },
  {
     "STT":50
    ,"MaVT":"915002765201."
    ,"TenVT":"32509 ceiling lamp white 1x22W 240V 915002765201"
    ,"DVT":"Cai"
    ,"K13":  0
    ,"K02":"  13"
    ,"K17":  0
    ,"K19":  0
    ,"SLTon":"  13"
  },
  {
     "STT":51
    ,"MaVT":"915002765601."
    ,"TenVT":"32510 ceiling lamp aluminium 1x60W 240V 915002765601"
    ,"DVT":"Cai"
    ,"K13":  0
    ,"K02":"  14"
    ,"K17":  0
    ,"K19":  0
    ,"SLTon":"  14"
  },
  {
     "STT":52
    ,"MaVT":"915002765401."
    ,"TenVT":"32510 ceiling lamp white 1x60W 240V 915002765401"
    ,"DVT":"Cai"
    ,"K13":  0
    ,"K02":"  18"
    ,"K17":  0
    ,"K19":  0
    ,"SLTon":"  18"
  },
  {
     "STT":53
    ,"MaVT":"915002769201."
    ,"TenVT":"32616 ceiling lamp aluminium 2x23W 240V 915002769201"
    ,"DVT":"Cai"
    ,"K13":  0
    ,"K02":"  13"
    ,"K17":  0
    ,"K19":  0
    ,"SLTon":"  13"
  },
  {
     "STT":54
    ,"MaVT":"915002766001."
    ,"TenVT":"33028 ceiling lamp nickel 1x22W 240V 915002766001"
    ,"DVT":"Cai"
    ,"K13":  0
    ,"K02":"  1"
    ,"K17":  0
    ,"K19":  0
    ,"SLTon":"  1"
  },
  {
     "STT":55
    ,"MaVT":"915002766401."
    ,"TenVT":"33028 ceiling lamp white 1x22W 240V 915002766401"
    ,"DVT":"Cai"
    ,"K13":  0
    ,"K02":"  30"
    ,"K17":  1
    ,"K19":  0
    ,"SLTon":"  31"
  },
  {
     "STT":56
    ,"MaVT":"915003719201."
    ,"TenVT":"33257 wall lamp LED white 2x2.5W 240V 915003719201"
    ,"DVT":"Cai"
    ,"K13":  0
    ,"K02":"  1"
    ,"K17":  0
    ,"K19":  0
    ,"SLTon":"  1"
  },
  {
     "STT":57
    ,"MaVT":"915003718001."
    ,"TenVT":"33259 wall lamp LED aluminium 2x2.5W 240 915003718001"
    ,"DVT":"Cai"
    ,"K13":  0
    ,"K02":"  24"
    ,"K17":  0
    ,"K19":  0
    ,"SLTon":"  24"
  },
  {
     "STT":58
    ,"MaVT":"915003717901."
    ,"TenVT":"33259 wall LED white 2x2.5W 240V 915003717901"
    ,"DVT":"Cai"
    ,"K13":  0
    ,"K02":"  32"
    ,"K17":  0
    ,"K19":  0
    ,"SLTon":"  32"
  },
  {
     "STT":59
    ,"MaVT":"915004478401"
    ,"TenVT":"33362 65K LED CEILING WHT 16W 915004478401"
    ,"DVT":"Cai"
    ,"K13":  0
    ,"K02":"  43"
    ,"K17":  0
    ,"K19":  0
    ,"SLTon":"  43"
  },
  {
     "STT":60
    ,"MaVT":"915004151501"
    ,"TenVT":"33610 27K wall lamp LED chrome 1x7.5W"
    ,"DVT":"Cai"
    ,"K13":  0
    ,"K02":"  2"
    ,"K17":  0
    ,"K19":  0
    ,"SLTon":"  2"
  },
  {
     "STT":61
    ,"MaVT":"915004017601"
    ,"TenVT":"36348 chandelier chrome 6x24W 240V 915004017601"
    ,"DVT":"Cai"
    ,"K13":  0
    ,"K02":"  1"
    ,"K17":  0
    ,"K19":  0
    ,"SLTon":"  1"
  },
  {
     "STT":62
    ,"MaVT":"915004017801"
    ,"TenVT":"36357 wall lamp chrome 2x24w 240V 915004017801"
    ,"DVT":"Cai"
    ,"K13":  0
    ,"K02":"  8"
    ,"K17":  0
    ,"K19":  0
    ,"SLTon":"  8"
  },
  {
     "STT":63
    ,"MaVT":"915004018301."
    ,"TenVT":"36369 CHANDELIER BROWNBRUSH 12*24W 240V 915004018301"
    ,"DVT":"Cai"
    ,"K13":  0
    ,"K02":"  0"
    ,"K17":  0
    ,"K19":  1
    ,"SLTon":"  1"
  },
  {
     "STT":64
    ,"MaVT":"915004018401"
    ,"TenVT":"36378 chandelier BrowBrush 6x24W 240V 915004018401"
    ,"DVT":"Cai"
    ,"K13":  0
    ,"K02":"  6"
    ,"K17":  0
    ,"K19":  0
    ,"SLTon":"  6"
  },
  {
     "STT":65
    ,"MaVT":"915004071701"
    ,"TenVT":"36680 chandelier black 5x40W 240V 915004071701"
    ,"DVT":"Cai"
    ,"K13":  0
    ,"K02":"  1"
    ,"K17":  0
    ,"K19":  0
    ,"SLTon":"  1"
  },
  {
     "STT":66
    ,"MaVT":"36841/17/10.    "
    ,"TenVT":"36841/17/10"
    ,"DVT":"Cai"
    ,"K13":  0
    ,"K02":"  1"
    ,"K17":  0
    ,"K19":  0
    ,"SLTon":"  1"
  },
  {
     "STT":67
    ,"MaVT":"915002336103."
    ,"TenVT":"37166 pendant white 4x12W 240V 915002336103"
    ,"DVT":"Cai"
    ,"K13":  0
    ,"K02":"  4"
    ,"K17":  0
    ,"K19":  0
    ,"SLTon":"  4"
  },
  {
     "STT":68
    ,"MaVT":"915002337101"
    ,"TenVT":"37380 pendant white 1x60W 60W 240V 915002337101  "
    ,"DVT":"Cai"
    ,"K13":  0
    ,"K02":"  2"
    ,"K17":  0
    ,"K19":  0
    ,"SLTon":"  2"
  },
  {
     "STT":69
    ,"MaVT":"915002335603."
    ,"TenVT":"37482 wall lamp nickel 3x40W 240V 915002335603"
    ,"DVT":"Cai"
    ,"K13":  0
    ,"K02":"  27"
    ,"K17":  0
    ,"K19":  0
    ,"SLTon":"  27"
  },
  {
     "STT":70
    ,"MaVT":"915002312302."
    ,"TenVT":"37520 pendant chrome 3x40W 240V 915002312302"
    ,"DVT":"Cai"
    ,"K13":  0
    ,"K02":"  2"
    ,"K17":  0
    ,"K19":  0
    ,"SLTon":"  2"
  },
  {
     "STT":71
    ,"MaVT":"915002064104."
    ,"TenVT":"37580 ceiling lamp black 5x40W 230V 915002064104"
    ,"DVT":"Cai"
    ,"K13":  0
    ,"K02":"  1"
    ,"K17":  0
    ,"K19":  0
    ,"SLTon":"  1"
  },
  {
     "STT":72
    ,"MaVT":"915002064204."
    ,"TenVT":"37581 pendant black 5x40W 230V 915002064204"
    ,"DVT":"Cai"
    ,"K13":  0
    ,"K02":"  2"
    ,"K17":  0
    ,"K19":  0
    ,"SLTon":"  2"
  },
  {
     "STT":73
    ,"MaVT":"915002772401."
    ,"TenVT":"37713 ceiling lamp bronze 8x40W 230V 915002772401"
    ,"DVT":"Cai"
    ,"K13":  0
    ,"K02":"  9"
    ,"K17":  0
    ,"K19":  0
    ,"SLTon":"  9"
  },
  {
     "STT":74
    ,"MaVT":"915002326204."
    ,"TenVT":"37716 pendant bronze 5x40W 230V 915002326204"
    ,"DVT":"Cai"
    ,"K13":  0
    ,"K02":"  1"
    ,"K17":  0
    ,"K19":  0
    ,"SLTon":"  1"
  },
  {
     "STT":75
    ,"MaVT":"915002336503"
    ,"TenVT":"40242 pendant blue 1x100W 240V 915002336503"
    ,"DVT":"Cai"
    ,"K13":  0
    ,"K02":"  0"
    ,"K17":  2
    ,"K19":  0
    ,"SLTon":"  2"
  },
  {
     "STT":76
    ,"MaVT":"915004263301"
    ,"TenVT":"40449 pendant clear 1x18w 915004263301"
    ,"DVT":"Cai"
    ,"K13":  0
    ,"K02":"  1"
    ,"K17":  0
    ,"K19":  0
    ,"SLTon":"  1"
  },
  {
     "STT":77
    ,"MaVT":"915003732701"
    ,"TenVT":"40590 pendant mixed 1x18w 230V 915003732701"
    ,"DVT":"Cai"
    ,"K13":  0
    ,"K02":"  3"
    ,"K17":  0
    ,"K19":  0
    ,"SLTon":"  3"
  },
  {
     "STT":78
    ,"MaVT":"915003732901"
    ,"TenVT":"40590 pendant mixed 1x18W 230V 915003732901"
    ,"DVT":"Cai"
    ,"K13":  0
    ,"K02":"  4"
    ,"K17":  0
    ,"K19":  0
    ,"SLTon":"  4"
  },
  {
     "STT":79
    ,"MaVT":"915003733001"
    ,"TenVT":"40591 pendant mixed 1x18w 230V 915003733001"
    ,"DVT":"Cai"
    ,"K13":  0
    ,"K02":"  2"
    ,"K17":  0
    ,"K19":  0
    ,"SLTon":"  2"
  },
  {
     "STT":80
    ,"MaVT":"915003733201"
    ,"TenVT":"40591 pendant mixed 1x18W 230V 915003733201"
    ,"DVT":"Cai"
    ,"K13":  1
    ,"K02":"  5"
    ,"K17":  0
    ,"K19":  0
    ,"SLTon":"  6"
  },
  {
     "STT":81
    ,"MaVT":"915003733301"
    ,"TenVT":"40592 pendant mixed 1x18w 230V 915003733301"
    ,"DVT":"Cai"
    ,"K13":  0
    ,"K02":"  1"
    ,"K17":  0
    ,"K19":  0
    ,"SLTon":"  1"
  },
  {
     "STT":82
    ,"MaVT":"915003733501"
    ,"TenVT":"40592 pendant mixed 1x18W 230V 915003733501"
    ,"DVT":"Cai"
    ,"K13":  1
    ,"K02":"  4"
    ,"K17":  0
    ,"K19":  0
    ,"SLTon":"  5"
  },
  {
     "STT":83
    ,"MaVT":"41778/11/10."
    ,"TenVT":"41778/11/10"
    ,"DVT":"Cai"
    ,"K13":  0
    ,"K02":"  1"
    ,"K17":  0
    ,"K19":  0
    ,"SLTon":"  1"
  },
  {
     "STT":84
    ,"MaVT":"915004261501"
    ,"TenVT":"42938 floor lamp black 1x24w 915004261501"
    ,"DVT":"Cai"
    ,"K13":  0
    ,"K02":"  9"
    ,"K17":  0
    ,"K19":  0
    ,"SLTon":"  9"
  },
  {
     "STT":85
    ,"MaVT":"915004261601"
    ,"TenVT":"42938 floor lamp white 1x24w 915004261601"
    ,"DVT":"Cai"
    ,"K13":  0
    ,"K02":"  5"
    ,"K17":  1
    ,"K19":  0
    ,"SLTon":"  6"
  },
  {
     "STT":86
    ,"MaVT":"915005093901"
    ,"TenVT":"44083 27K 4* LED 9W recessed LED white 915005093901"
    ,"DVT":"Cai"
    ,"K13":  0
    ,"K02":"  106"
    ,"K17":  0
    ,"K19":  0
    ,"SLTon":"  106"
  },
  {
     "STT":87
    ,"MaVT":"915004262301"
    ,"TenVT":"45938 table lamp black 1x24w 915004262301   "
    ,"DVT":"Cai"
    ,"K13":  0
    ,"K02":"  7"
    ,"K17":  0
    ,"K19":  0
    ,"SLTon":"  7"
  },
  {
     "STT":88
    ,"MaVT":"915002389902"
    ,"TenVT":"55543 plate/spiral black 3x9W 240V 915002389902"
    ,"DVT":"Cai"
    ,"K13":  0
    ,"K02":"  7"
    ,"K17":  0
    ,"K19":  0
    ,"SLTon":"  7"
  },
  {
     "STT":89
    ,"MaVT":"915003949002."
    ,"TenVT":"57926 recessed LED nickel 1x7.5W 915003949002"
    ,"DVT":"Cai"
    ,"K13":  0
    ,"K02":"  35"
    ,"K17":  0
    ,"K19":  0
    ,"SLTon":"  35"
  },
  {
     "STT":90
    ,"MaVT":"915003949101"
    ,"TenVT":"57926 recessed LED white 1*7.5W"
    ,"DVT":"Cai"
    ,"K13":  0
    ,"K02":"  7"
    ,"K17":  0
    ,"K19":  0
    ,"SLTon":"  7"
  },
  {
     "STT":91
    ,"MaVT":"915003707001"
    ,"TenVT":"57928 bar Spot aluminium 2x7.5W 240V 915003707001"
    ,"DVT":"Cai"
    ,"K13":  0
    ,"K02":"  3"
    ,"K17":  0
    ,"K19":  0
    ,"SLTon":"  3"
  },
  {
     "STT":92
    ,"MaVT":"915003706901."
    ,"TenVT":"57928 bar spot LED white 2x7.5W 240V 915003706901"
    ,"DVT":"Cai"
    ,"K13":  0
    ,"K02":"  1"
    ,"K17":  0
    ,"K19":  0
    ,"SLTon":"  1"
  },
  {
     "STT":93
    ,"MaVT":"915002768301."
    ,"TenVT":"57944 bar spot white 4x9W 240V 915002768301"
    ,"DVT":"Cai"
    ,"K13":  0
    ,"K02":"  1"
    ,"K17":  0
    ,"K19":  0
    ,"SLTon":"  1"
  },
  {
     "STT":94
    ,"MaVT":"915002572402."
    ,"TenVT":"57954 ceiling plate aluminium 4x9W 240V 915002572402"
    ,"DVT":"Cai"
    ,"K13":  0
    ,"K02":"  6"
    ,"K17":  0
    ,"K19":  0
    ,"SLTon":"  6"
  },
  {
     "STT":95
    ,"MaVT":"915002736702."
    ,"TenVT":"57979 Recessed White 1X10W 240V 915002736702"
    ,"DVT":"Cai"
    ,"K13":  1
    ,"K02":"  0"
    ,"K17":  0
    ,"K19":  0
    ,"SLTon":"  1"
  },
  {
     "STT":96
    ,"MaVT":"915003707401"
    ,"TenVT":"57985 bar spot LED aluminium 2x7.5W 240"
    ,"DVT":"Cai"
    ,"K13":  0
    ,"K02":"  1"
    ,"K17":  0
    ,"K19":  0
    ,"SLTon":"  1"
  },
  {
     "STT":97
    ,"MaVT":"915003707301"
    ,"TenVT":"57985 bar spot white 2x7.5W 240V"
    ,"DVT":"Cai"
    ,"K13":  0
    ,"K02":"  3"
    ,"K17":  0
    ,"K19":  0
    ,"SLTon":"  3"
  },
  {
     "STT":98
    ,"MaVT":"59910/11/10."
    ,"TenVT":"59910/11/10"
    ,"DVT":"Cai"
    ,"K13":  0
    ,"K02":"  1"
    ,"K17":  0
    ,"K19":  0
    ,"SLTon":"  1"
  },
  {
     "STT":99
    ,"MaVT":"915004365901"
    ,"TenVT":"66064 3.5\" Flat 27K white 8w recessed LED"
    ,"DVT":"Cai"
    ,"K13":  0
    ,"K02":"  50"
    ,"K17":  0
    ,"K19":  0
    ,"SLTon":"  50"
  },
  {
     "STT":100
    ,"MaVT":"915004366001"
    ,"TenVT":"66065 4\" Flat 27K white 10W recessed LED 915004366001"
    ,"DVT":"Cai"
    ,"K13":  1
    ,"K02":"  0"
    ,"K17":  0
    ,"K19":  0
    ,"SLTon":"  1"
  },
  {
     "STT":101
    ,"MaVT":"915004366601"
    ,"TenVT":"66067 3\" Flat 65K white 6W recesed LED 915004366601"
    ,"DVT":"Cai"
    ,"K13":  0
    ,"K02":"  81"
    ,"K17":  0
    ,"K19":  0
    ,"SLTon":"  81"
  },
  {
     "STT":102
    ,"MaVT":"915004139301"
    ,"TenVT":"66662 recessed white 1x9W 230V 915004139301"
    ,"DVT":"Cai"
    ,"K13":  0
    ,"K02":"  138"
    ,"K17":  0
    ,"K19":  0
    ,"SLTon":"  138"
  },
  {
     "STT":103
    ,"MaVT":"915004139501"
    ,"TenVT":"66663 recessed white 1x11W 230V"
    ,"DVT":"Cai"
    ,"K13":  0
    ,"K02":"  351"
    ,"K17":  0
    ,"K19":  0
    ,"SLTon":"  351"
  },
  {
     "STT":104
    ,"MaVT":"915004139701"
    ,"TenVT":"66664 recessed white 1x18W 230V 915004139701"
    ,"DVT":"Cai"
    ,"K13":  2
    ,"K02":"  3"
    ,"K17":  0
    ,"K19":  0
    ,"SLTon":"  5"
  },
  {
     "STT":105
    ,"MaVT":"915002699901"
    ,"TenVT":"69064 40K wall lamp LED black 1x2.5W 240 915002699901"
    ,"DVT":"Cai"
    ,"K13":  1
    ,"K02":"  18"
    ,"K17":  0
    ,"K19":  0
    ,"SLTon":"  19"
  },
  {
     "STT":106
    ,"MaVT":"915002700002"
    ,"TenVT":"69064 40K wall lamp LED grey 1x2.5W 240 915002700002"
    ,"DVT":"Cai"
    ,"K13":  0
    ,"K02":"  1"
    ,"K17":  0
    ,"K19":  0
    ,"SLTon":"  1"
  },
  {
     "STT":107
    ,"MaVT":"915000031902"
    ,"TenVT":"69069 wall lamp white 2x7.5W 240V IN 915000031902"
    ,"DVT":"Cai"
    ,"K13":  0
    ,"K02":"  6"
    ,"K17":  0
    ,"K19":  0
    ,"SLTon":"  6"
  },
  {
     "STT":108
    ,"MaVT":"915002681601"
    ,"TenVT":"69080 40K single spot LED grey 1x7.5W 915002681601"
    ,"DVT":"Cai"
    ,"K13":  0
    ,"K02":"  3"
    ,"K17":  0
    ,"K19":  0
    ,"SLTon":"  3"
  },
  {
     "STT":109
    ,"MaVT":"915002682001"
    ,"TenVT":"69082 40K special form LED grey 2x7.5W 915002682001"
    ,"DVT":"Cai"
    ,"K13":  0
    ,"K02":"  3"
    ,"K17":  0
    ,"K19":  0
    ,"SLTon":"  3"
  },
  {
     "STT":110
    ,"MaVT":"915000031302."
    ,"TenVT":"69085 40K wall lamp LED white 2x2.5W 240 915000031302"
    ,"DVT":"Cai"
    ,"K13":  0
    ,"K02":"  1"
    ,"K17":  0
    ,"K19":  0
    ,"SLTon":"  1"
  },
  {
     "STT":111
    ,"MaVT":"915002762802"
    ,"TenVT":"69089 40K wall lamp LED chrome 2x2.5W 915002762802"
    ,"DVT":"Cai"
    ,"K13":  0
    ,"K02":"  2"
    ,"K17":  0
    ,"K19":  0
    ,"SLTon":"  2"
  },
  {
     "STT":112
    ,"MaVT":"915002283905"
    ,"TenVT":"69091 40K table lamp LED black 1x7.5W 915002283905"
    ,"DVT":"Cai"
    ,"K13":  0
    ,"K02":"  1"
    ,"K17":  0
    ,"K19":  0
    ,"SLTon":"  1"
  },
  {
     "STT":113
    ,"MaVT":"915002403501."
    ,"TenVT":"69394 recessed nickel 1x9W 230V 915002403501"
    ,"DVT":"Cai"
    ,"K13":  0
    ,"K02":"  2"
    ,"K17":  0
    ,"K19":  0
    ,"SLTon":"  2"
  },
  {
     "STT":114
    ,"MaVT":"915002406801"
    ,"TenVT":"69394 recessed white 1x9W 230V 915002406801"
    ,"DVT":"Cai"
    ,"K13":  0
    ,"K02":"  6"
    ,"K17":  0
    ,"K19":  0
    ,"SLTon":"  6"
  },
  {
     "STT":115
    ,"MaVT":"915002406901."
    ,"TenVT":"69395 Spot light White E27, CFLI 11W 915002406901"
    ,"DVT":"Cai"
    ,"K13":  0
    ,"K02":"  1"
    ,"K17":  0
    ,"K19":  0
    ,"SLTon":"  1"
  },
  {
     "STT":116
    ,"MaVT":"915002404101."
    ,"TenVT":"69396 recessed nicke 1x18W 230V 915002404101"
    ,"DVT":"Cai"
    ,"K13":  0
    ,"K02":"  1"
    ,"K17":  0
    ,"K19":  0
    ,"SLTon":"  1"
  },
  {
     "STT":117
    ,"MaVT":"915002407001."
    ,"TenVT":"69396 Recessed White 2X7.5W 240V 915002407001"
    ,"DVT":"Cai"
    ,"K13":  0
    ,"K02":"  132"
    ,"K17":  0
    ,"K19":  0
    ,"SLTon":"  132"
  },
  {
     "STT":118
    ,"MaVT":"915002401901."
    ,"TenVT":"69398 recessed white 1x9W 230V 915002401901"
    ,"DVT":"Cai"
    ,"K13":  0
    ,"K02":"  2"
    ,"K17":  0
    ,"K19":  0
    ,"SLTon":"  2"
  },
  {
     "STT":119
    ,"MaVT":"915002402201."
    ,"TenVT":"69399 recessed white 1x11W 230V 915002402201"
    ,"DVT":"Cai"
    ,"K13":  1
    ,"K02":"  5"
    ,"K17":  0
    ,"K19":  0
    ,"SLTon":"  6"
  },
  {
     "STT":120
    ,"MaVT":"915002751802."
    ,"TenVT":"69650 recessed white 1x7.5W 240V 915002751802"
    ,"DVT":"Cai"
    ,"K13":  0
    ,"K02":"  6"
    ,"K17":  0
    ,"K19":  0
    ,"SLTon":"  6"
  },
  {
     "STT":121
    ,"MaVT":"70712/02/17."
    ,"TenVT":"70712/02/17"
    ,"DVT":"Cai"
    ,"K13":  2
    ,"K02":"  7"
    ,"K17":  0
    ,"K19":  0
    ,"SLTon":"  9"
  },
  {
     "STT":122
    ,"MaVT":"915004892201"
    ,"TenVT":"80082 3.5* 6.5W 27K Silver recessed LED 915004892201"
    ,"DVT":"Cai"
    ,"K13":  0
    ,"K02":"  139"
    ,"K17":  0
    ,"K19":  0
    ,"SLTon":"  139"
  },
  {
     "STT":123
    ,"MaVT":"915004893201"
    ,"TenVT":"80082 3.5* 6.5W 65K Silver recessed LED 915004893201"
    ,"DVT":"Cai"
    ,"K13":  0
    ,"K02":"  11"
    ,"K17":  0
    ,"K19":  0
    ,"SLTon":"  11"
  },
  {
     "STT":124
    ,"MaVT":"915004892301"
    ,"TenVT":"80083 4* 8W 27K Silver recessed LED 915004892301"
    ,"DVT":"Cai"
    ,"K13":  0
    ,"K02":"  95"
    ,"K17":  0
    ,"K19":  0
    ,"SLTon":"  95"
  },
  {
     "STT":125
    ,"MaVT":"915004893401"
    ,"TenVT":"80083 4* 8W 65K Silver recessed LED 915004893401"
    ,"DVT":"Cai"
    ,"K13":  0
    ,"K02":"  125"
    ,"K17":  0
    ,"K19":  0
    ,"SLTon":"  125"
  },
  {
     "STT":126
    ,"MaVT":"924888817130."
    ,"TenVT":"ACCENT 50W GU5.3 12V 24D 1CT/10X5F - 924888817130"
    ,"DVT":"Cai"
    ,"K13":  0
    ,"K02":"  1"
    ,"K17":  0
    ,"K19":  0
    ,"SLTon":"  1"
  },
  {
     "STT":127
    ,"MaVT":"915004485501"
    ,"TenVT":"Auro wall lantern LED Inox 1x4W SELV 915004485501"
    ,"DVT":"Cai"
    ,"K13":  0
    ,"K02":"  24"
    ,"K17":  0
    ,"K19":  0
    ,"SLTon":"  24"
  },
  {
     "STT":128
    ,"MaVT":"913710062512"
    ,"TenVT":"Ballast ®iÖn tö SEBC 1x36 EP 913710062512"
    ,"DVT":"Cai"
    ,"K13":  0
    ,"K02":"  25"
    ,"K17":  0
    ,"K19":  0
    ,"SLTon":"  25"
  },
  {
     "STT":129
    ,"MaVT":"BALLAST60"
    ,"TenVT":"BALLAST EL- T060/220-240V"
    ,"DVT":"Cai"
    ,"K13":  0
    ,"K02":"  3"
    ,"K17":  0
    ,"K19":  0
    ,"SLTon":"  3"
  },
  {
     "STT":130
    ,"MaVT":"BALLAST1X18W."
    ,"TenVT":"BALLAST1X18W"
    ,"DVT":"Cai"
    ,"K13":  0
    ,"K02":"  3"
    ,"K17":  0
    ,"K19":  0
    ,"SLTon":"  3"
  },
  {
     "STT":131
    ,"MaVT":"BALLAST2X18W."
    ,"TenVT":"BALLAST2X18W"
    ,"DVT":"Cai"
    ,"K13":  0
    ,"K02":"  3"
    ,"K17":  0
    ,"K19":  0
    ,"SLTon":"  3"
  },
  {
     "STT":132
    ,"MaVT":"911401603902"
    ,"TenVT":"BBP330 9xLED-HP/WW 220-240V 24 911401603902"
    ,"DVT":"Cai"
    ,"K13":  0
    ,"K02":"  1"
    ,"K17":  0
    ,"K19":  0
    ,"SLTon":"  1"
  },
  {
     "STT":133
    ,"MaVT":"910503702056"
    ,"TenVT":"BCP464 18xLED-HB-2700-6500 GR 910503702056"
    ,"DVT":"Cai"
    ,"K13":  0
    ,"K02":"  1"
    ,"K17":  0
    ,"K19":  0
    ,"SLTon":"  1"
  },
  {
     "STT":134
    ,"MaVT":"919930157501"
    ,"TenVT":"BILLY table lamp yellow 1x11W 240K 919930157501"
    ,"DVT":"Cai"
    ,"K13":  0
    ,"K02":"  40"
    ,"K17":  0
    ,"K19":  0
    ,"SLTon":"  40"
  },
  {
     "STT":135
    ,"MaVT":"HUC0,6M"
    ,"TenVT":"Bộ máng đèn 0,6m HUC0,6m"
    ,"DVT":"Cai"
    ,"K13":  0
    ,"K02":"  169"
    ,"K17":  0
    ,"K19":  0
    ,"SLTon":"  169"
  },
  {
     "STT":136
    ,"MaVT":"E-G95"
    ,"TenVT":"Bóng Edison G95 Led 3W"
    ,"DVT":"Cai"
    ,"K13":  0
    ,"K02":"  1"
    ,"K17":  0
    ,"K19":  0
    ,"SLTon":"  1"
  },
  {
     "STT":137
    ,"MaVT":"BONGOTE12."
    ,"TenVT":"Bóng ớt - E12"
    ,"DVT":"Cai"
    ,"K13":  0
    ,"K02":"  39"
    ,"K17":  0
    ,"K19":  0
    ,"SLTon":"  39"
  },
  {
     "STT":138
    ,"MaVT":"T522WKINGLAMP."
    ,"TenVT":"Bóng T5KINGLAMP 22W ánh sáng vàng"
    ,"DVT":"Cai"
    ,"K13":  0
    ,"K02":"  2"
    ,"K17":  0
    ,"K19":  0
    ,"SLTon":"  2"
  },
  {
     "STT":139
    ,"MaVT":"913710103750"
    ,"TenVT":"BSN 100 L300 I 913710103750"
    ,"DVT":"Cai"
    ,"K13":  0
    ,"K02":"  3"
    ,"K17":  0
    ,"K19":  0
    ,"SLTon":"  3"
  },
  {
     "STT":140
    ,"MaVT":"920236245564."
    ,"TenVT":"Class 60W E27 240V E50Ww 1Ct/2X10F 920236245564"
    ,"DVT":"Cai"
    ,"K13":  0
    ,"K02":"  11"
    ,"K17":  0
    ,"K19":  0
    ,"SLTon":"  11"
  },
  {
     "STT":141
    ,"MaVT":"913710011990"
    ,"TenVT":"CP12BP28 CAP 250V 12uF 913710011990"
    ,"DVT":"Cai"
    ,"K13":  0
    ,"K02":"  1"
    ,"K17":  0
    ,"K19":  0
    ,"SLTon":"  1"
  },
  {
     "STT":142
    ,"MaVT":"NWLED5563-7.5W/3000K"
    ,"TenVT":"Đèn âm tường 7,5W ánh sáng vàng"
    ,"DVT":"Cai"
    ,"K13":  0
    ,"K02":"  17"
    ,"K17":  0
    ,"K19":  0
    ,"SLTon":"  17"
  },
  {
     "STT":143
    ,"MaVT":"915004138001"
    ,"TenVT":"DLI 30729 LED tape yellow 30W 5m 915004138001"
    ,"DVT":"Cai"
    ,"K13":  0
    ,"K02":"  0"
    ,"K17":  0
    ,"K19":  1
    ,"SLTon":"  1"
  },
  {
     "STT":144
    ,"MaVT":"915004138101"
    ,"TenVT":"DLI 30730 LED tape white 30W 5m 915004138101"
    ,"DVT":"Cai"
    ,"K13":  0
    ,"K02":"  61"
    ,"K17":  0
    ,"K19":  0
    ,"SLTon":"  61"
  },
  {
     "STT":145
    ,"MaVT":"911401796701"
    ,"TenVT":"DN281B 1XDLED - 3000 PSU WH 911401796701 "
    ,"DVT":"Cai"
    ,"K13":  0
    ,"K02":"  1"
    ,"K17":  0
    ,"K19":  0
    ,"SLTon":"  1"
  },
  {
     "STT":146
    ,"MaVT":"SDL303/1"
    ,"TenVT":"Dowlight vuông SDL303/1, đơn 1 bóng 11W 3000K, khoét lỗ 100x100"
    ,"DVT":"Cai"
    ,"K13":  1
    ,"K02":"  0"
    ,"K17":  0
    ,"K19":  0
    ,"SLTon":"  1"
  },
  {
     "STT":147
    ,"MaVT":"DUOI-EDISON"
    ,"TenVT":"Đuôi Edison + dây"
    ,"DVT":"Cai"
    ,"K13":  0
    ,"K02":"  1"
    ,"K17":  0
    ,"K19":  0
    ,"SLTon":"  1"
  },
  {
     "STT":148
    ,"MaVT":"913710062412"
    ,"TenVT":"EB-C 118 TLD 220-230 EP 913710062412    "
    ,"DVT":"Cai"
    ,"K13":  0
    ,"K02":"  315"
    ,"K17":  0
    ,"K19":  0
    ,"SLTon":"  315"
  },
  {
     "STT":149
    ,"MaVT":"913713196414."
    ,"TenVT":"EB-C 128 TL5 220-240V 50/60Hz 913713196414"
    ,"DVT":"Cai"
    ,"K13":  0
    ,"K02":"  1"
    ,"K17":  0
    ,"K19":  0
    ,"SLTon":"  1"
  },
  {
     "STT":150
    ,"MaVT":"913713199215."
    ,"TenVT":"EB-C 136 TL-D 220-240V 50/60Hz 913713199215"
    ,"DVT":"Cai"
    ,"K13":  0
    ,"K02":"  2"
    ,"K17":  0
    ,"K19":  0
    ,"SLTon":"  2"
  },
  {
     "STT":151
    ,"MaVT":"929001259707"
    ,"TenVT":"Ecobright LEDBulb 5-60W E27 3000K A60 929001259707"
    ,"DVT":"Cai"
    ,"K13":  0
    ,"K02":"  2"
    ,"K17":  0
    ,"K19":  0
    ,"SLTon":"  2"
  },
  {
     "STT":152
    ,"MaVT":"929689876802."
    ,"TenVT":"Ecotone HS 11W CDL E27 220-240V 1CT/4X12 929689876802"
    ,"DVT":"Cai"
    ,"K13":  0
    ,"K02":"  7"
    ,"K17":  0
    ,"K19":  0
    ,"SLTon":"  7"
  },
  {
     "STT":153
    ,"MaVT":"929689876702."
    ,"TenVT":"Ecotone HS 11W WW E27 220-240V 929689876702"
    ,"DVT":"Cai"
    ,"K13":  1
    ,"K02":"  152"
    ,"K17":  0
    ,"K19":  0
    ,"SLTon":"  153"
  },
  {
     "STT":154
    ,"MaVT":"929689876502"
    ,"TenVT":"Ecotone HS 8W WW E27 220-240V 1CT/4X12CC 929689876502"
    ,"DVT":"Cai"
    ,"K13":  0
    ,"K02":"  96"
    ,"K17":  0
    ,"K19":  0
    ,"SLTon":"  96"
  },
  {
     "STT":155
    ,"MaVT":"929689876902."
    ,"TenVT":"EcotoneHS 14W WW E27 1CT/4x12CC 929689876902"
    ,"DVT":"Cai"
    ,"K13":  0
    ,"K02":"  3"
    ,"K17":  0
    ,"K19":  0
    ,"SLTon":"  3"
  },
  {
     "STT":156
    ,"MaVT":"929689654202."
    ,"TenVT":"ESSENTIAL 18W CDL E27 220-240V 929689654202"
    ,"DVT":"Cai"
    ,"K13":  1
    ,"K02":"  3"
    ,"K17":  0
    ,"K19":  0
    ,"SLTon":"  4"
  },
  {
     "STT":157
    ,"MaVT":"929689318107"
    ,"TenVT":"ESSENTIAL 18W WW E27 220-240 1CT/12 929689318107"
    ,"DVT":"Cai"
    ,"K13":  1
    ,"K02":"  0"
    ,"K17":  0
    ,"K19":  1
    ,"SLTon":"  2"
  },
  {
     "STT":158
    ,"MaVT":"929689654402.   "
    ,"TenVT":"Essential 23W CDL 929689654402"
    ,"DVT":"Cai"
    ,"K13":  0
    ,"K02":"  3"
    ,"K17":  0
    ,"K19":  0
    ,"SLTon":"  3"
  },
  {
     "STT":159
    ,"MaVT":"929689318401"
    ,"TenVT":"ESSENTIAL 23W CDL E27 220-240 1CT/12 929689318401"
    ,"DVT":"Cai"
    ,"K13":  2
    ,"K02":"  3"
    ,"K17":  0
    ,"K19":  0
    ,"SLTon":"  5"
  },
  {
     "STT":160
    ,"MaVT":"927896786562"
    ,"TenVT":"ESSENTIAL TL5C 22W/865 1CT/10 927896786562"
    ,"DVT":"Cai"
    ,"K13":  0
    ,"K02":"  39"
    ,"K17":  0
    ,"K19":  0
    ,"SLTon":"  39"
  },
  {
     "STT":161
    ,"MaVT":"927896886562"
    ,"TenVT":"ESSENTIAL TL5C 32W/865 1CT/10 927896886562"
    ,"DVT":"Cai"
    ,"K13":  0
    ,"K02":"  17"
    ,"K17":  0
    ,"K19":  0
    ,"SLTon":"  17"
  },
  {
     "STT":162
    ,"MaVT":"927896986562"
    ,"TenVT":"ESSENTIAL TL5C 40W/865 1CT/10 927896986562"
    ,"DVT":"Cai"
    ,"K13":  0
    ,"K02":"  23"
    ,"K17":  0
    ,"K19":  0
    ,"SLTon":"  23"
  },
  {
     "STT":163
    ,"MaVT":"913710032160"
    ,"TenVT":"ET-E10 LED 913710032160"
    ,"DVT":"Cai"
    ,"K13":  0
    ,"K02":"  2"
    ,"K17":  0
    ,"K19":  0
    ,"SLTon":"  2"
  },
  {
     "STT":164
    ,"MaVT":"915000091601."
    ,"TenVT":"EWP300 BASEL wall lantem grey 1x27W 240 915000091601"
    ,"DVT":"Cai"
    ,"K13":  0
    ,"K02":"  1"
    ,"K17":  0
    ,"K19":  0
    ,"SLTon":"  1"
  },
  {
     "STT":165
    ,"MaVT":"EWP300DGREY."
    ,"TenVT":"Ewp300Dgrey (Sales báo mã mới Antracit)"
    ,"DVT":"Cai"
    ,"K13":  0
    ,"K02":"  1"
    ,"K17":  0
    ,"K19":  0
    ,"SLTon":"  1"
  },
  {
     "STT":166
    ,"MaVT":"915002043501"
    ,"TenVT":"FBG303 recessed nickel 2x14W 240V 915002043501"
    ,"DVT":"Cai"
    ,"K13":  0
    ,"K02":"  54"
    ,"K17":  0
    ,"K19":  0
    ,"SLTon":"  54"
  },
  {
     "STT":167
    ,"MaVT":"911400805480"
    ,"TenVT":"FBH022 C 2xPL-C/4P 18W EB GR 911400805480"
    ,"DVT":"Cai"
    ,"K13":  0
    ,"K02":"  1"
    ,"K17":  0
    ,"K19":  0
    ,"SLTon":"  1"
  },
  {
     "STT":168
    ,"MaVT":"910403630891."
    ,"TenVT":"FBH031 1xPPL- C/ 4P18W EBE FG WH CN 910403630891"
    ,"DVT":"Cai"
    ,"K13":  0
    ,"K02":"  1"
    ,"K17":  0
    ,"K19":  0
    ,"SLTon":"  1"
  },
  {
     "STT":169
    ,"MaVT":"911401154380."
    ,"TenVT":"FBH057 1xPL-C/2P18W I WH 911401154380"
    ,"DVT":"Cai"
    ,"K13":  0
    ,"K02":"  2"
    ,"K17":  0
    ,"K19":  0
    ,"SLTon":"  2"
  },
  {
     "STT":170
    ,"MaVT":"910401945280."
    ,"TenVT":"FBH0592xPL-C/2P18W I WH 910401945280"
    ,"DVT":"Cai"
    ,"K13":  0
    ,"K02":"  84"
    ,"K17":  0
    ,"K19":  0
    ,"SLTon":"  84"
  },
  {
     "STT":171
    ,"MaVT":"910403630217."
    ,"TenVT":"FBH145 1xPL-C/2P 18W I WH  910403630217"
    ,"DVT":"Cai"
    ,"K13":  27
    ,"K02":"  18"
    ,"K17":  0
    ,"K19":  0
    ,"SLTon":"  45"
  },
  {
     "STT":172
    ,"MaVT":"910403630218."
    ,"TenVT":"FBH145 1xPL-C/2P26W I WH 910403630218"
    ,"DVT":"Cai"
    ,"K13":  0
    ,"K02":"  11"
    ,"K17":  0
    ,"K19":  0
    ,"SLTon":"  11"
  },
  {
     "STT":173
    ,"MaVT":"910403630233."
    ,"TenVT":"FBH145 2xPL-C/2P26W 1 WH 910403630233"
    ,"DVT":"Cai"
    ,"K13":  0
    ,"K02":"  6"
    ,"K17":  0
    ,"K19":  0
    ,"SLTon":"  6"
  },
  {
     "STT":174
    ,"MaVT":"910403630222"
    ,"TenVT":"FBH145 C 1xPL-C/4P18W EBP WH 910403630222"
    ,"DVT":"Cai"
    ,"K13":  1
    ,"K02":"  19"
    ,"K17":  0
    ,"K19":  0
    ,"SLTon":"  20"
  },
  {
     "STT":175
    ,"MaVT":"911400835680."
    ,"TenVT":"FBS112 MAX8W-E27 220-240V 911400835680"
    ,"DVT":"Cai"
    ,"K13":  0
    ,"K02":"  26"
    ,"K17":  0
    ,"K19":  0
    ,"SLTon":"  26"
  },
  {
     "STT":176
    ,"MaVT":"911400835780."
    ,"TenVT":"FBS113 MAX12W -E27 220-240V 911400835780"
    ,"DVT":"Cai"
    ,"K13":  0
    ,"K02":"  3"
    ,"K17":  0
    ,"K19":  0
    ,"SLTon":"  3"
  },
  {
     "STT":177
    ,"MaVT":"911400835880."
    ,"TenVT":"FBS115 MAX23W-E27 220-240V 911400835880"
    ,"DVT":"Cai"
    ,"K13":  0
    ,"K02":"  2"
    ,"K17":  0
    ,"K19":  0
    ,"SLTon":"  2"
  },
  {
     "STT":178
    ,"MaVT":"911400835980."
    ,"TenVT":"FBS116 MAX23W -E27 220-240V 911400835980"
    ,"DVT":"Cai"
    ,"K13":  0
    ,"K02":"  13"
    ,"K17":  0
    ,"K19":  0
    ,"SLTon":"  13"
  },
  {
     "STT":179
    ,"MaVT":"915002152401."
    ,"TenVT":"FCG304 bar spot chrome 2x40W 240V 915002152401"
    ,"DVT":"Cai"
    ,"K13":  0
    ,"K02":"  7"
    ,"K17":  0
    ,"K19":  0
    ,"SLTon":"  7"
  },
  {
     "STT":180
    ,"MaVT":"915002152601."
    ,"TenVT":"FCG306 bar spot chrome 4x40W 240V 915002152601"
    ,"DVT":"Cai"
    ,"K13":  0
    ,"K02":"  14"
    ,"K17":  0
    ,"K19":  0
    ,"SLTon":"  14"
  },
  {
     "STT":181
    ,"MaVT":"915002155601."
    ,"TenVT":"FCG308 ceiling plate nickel 2x40W 240V 915002155601"
    ,"DVT":"Cai"
    ,"K13":  0
    ,"K02":"  9"
    ,"K17":  0
    ,"K19":  0
    ,"SLTon":"  9"
  },
  {
     "STT":182
    ,"MaVT":"915002155701."
    ,"TenVT":"FCG309 ceiling plate nickel 3x40W 240V 915002155701"
    ,"DVT":"Cai"
    ,"K13":  0
    ,"K02":"  13"
    ,"K17":  0
    ,"K19":  0
    ,"SLTon":"  13"
  },
  {
     "STT":183
    ,"MaVT":"915002153601."
    ,"TenVT":"FCG313 special rorm nickel 4x40W 240V 915002153601"
    ,"DVT":"Cai"
    ,"K13":  0
    ,"K02":"  7"
    ,"K17":  0
    ,"K19":  0
    ,"SLTon":"  7"
  },
  {
     "STT":184
    ,"MaVT":"915002138501."
    ,"TenVT":"FCG319 ceiling lamp chrome 1*40W 240V 915002138501"
    ,"DVT":"Cai"
    ,"K13":  0
    ,"K02":"  1"
    ,"K17":  0
    ,"K19":  0
    ,"SLTon":"  1"
  },
  {
     "STT":185
    ,"MaVT":"915002138701"
    ,"TenVT":"FCG321ceiling lamp white 1x40W 240V 915002138701"
    ,"DVT":"Cai"
    ,"K13":  0
    ,"K02":"  14"
    ,"K17":  0
    ,"K19":  0
    ,"SLTon":"  14"
  },
  {
     "STT":186
    ,"MaVT":"910502975715."
    ,"TenVT":"FPK630 1xPL-TT4P42W/830 910502975715"
    ,"DVT":"Cai"
    ,"K13":  0
    ,"K02":"  5"
    ,"K17":  0
    ,"K19":  0
    ,"SLTon":"  5"
  },
  {
     "STT":187
    ,"MaVT":"915002197901"
    ,"TenVT":"FWG308 CLIMBO wall lamp mixed 1x14W 230 915002197901"
    ,"DVT":"Cai"
    ,"K13":  1
    ,"K02":"  0"
    ,"K17":  0
    ,"K19":  0
    ,"SLTon":"  1"
  },
  {
     "STT":188
    ,"MaVT":"915000073301."
    ,"TenVT":"FWG701 wall lamp aluminium 1x22W 240V 915000073301"
    ,"DVT":"Cai"
    ,"K13":  0
    ,"K02":"  1"
    ,"K17":  0
    ,"K19":  0
    ,"SLTon":"  1"
  },
  {
     "STT":189
    ,"MaVT":"915002154501."
    ,"TenVT":"FWZ300 wall lamp nickel 1x18W 230V 915002154501"
    ,"DVT":"Cai"
    ,"K13":  1
    ,"K02":"  24"
    ,"K17":  1
    ,"K19":  0
    ,"SLTon":"  26"
  },
  {
     "STT":190
    ,"MaVT":"910403630738  "
    ,"TenVT":"GCH128 1x28W P 910403630738 "
    ,"DVT":"Cai"
    ,"K13":  0
    ,"K02":"  1"
    ,"K17":  0
    ,"K19":  0
    ,"SLTon":"  1"
  },
  {
     "STT":191
    ,"MaVT":"910403630741."
    ,"TenVT":"GCH128 1x8W P 910403630741"
    ,"DVT":"Cai"
    ,"K13":  0
    ,"K02":"  4"
    ,"K17":  0
    ,"K19":  0
    ,"SLTon":"  4"
  },
  {
     "STT":192
    ,"MaVT":"929689616601."
    ,"TenVT":"GENIE 11W CDL E27 220-240V 1CT /4X12CC 929689616601"
    ,"DVT":"Cai"
    ,"K13":  0
    ,"K02":"  2"
    ,"K17":  2
    ,"K19":  0
    ,"SLTon":"  4"
  },
  {
     "STT":193
    ,"MaVT":"929689616814"
    ,"TenVT":"GENIE 14W CDL E27 220-240V 1CT/4X12 929689616814"
    ,"DVT":"Cai"
    ,"K13":  0
    ,"K02":"  1"
    ,"K17":  0
    ,"K19":  0
    ,"SLTon":"  1"
  },
  {
     "STT":194
    ,"MaVT":"929689616201"
    ,"TenVT":"GENIE 5W CDL E27 220-240V 1CT/4x12CC 929689616201"
    ,"DVT":"Cai"
    ,"K13":  0
    ,"K02":"  13"
    ,"K17":  0
    ,"K19":  0
    ,"SLTon":"  13"
  },
  {
     "STT":195
    ,"MaVT":"929689616114"
    ,"TenVT":"GENIE 5W WW E27 220-240V 1CT/4x12 929689616114"
    ,"DVT":"Cai"
    ,"K13":  0
    ,"K02":"  1"
    ,"K17":  0
    ,"K19":  0
    ,"SLTon":"  1"
  },
  {
     "STT":196
    ,"MaVT":"929689636301"
    ,"TenVT":"GENIE 8W/WW 929689636301"
    ,"DVT":"Cai"
    ,"K13":  1
    ,"K02":"  136"
    ,"K17":  0
    ,"K19":  0
    ,"SLTon":"  137"
  },
  {
     "STT":197
    ,"MaVT":"919918656130."
    ,"TenVT":"GMS012 136 P 919918656130"
    ,"DVT":"Cai"
    ,"K13":  0
    ,"K02":"  4"
    ,"K17":  0
    ,"K19":  0
    ,"SLTon":"  4"
  },
  {
     "STT":198
    ,"MaVT":"911401095780."
    ,"TenVT":"GPK238 R-WB D425 911401095780"
    ,"DVT":"Cai"
    ,"K13":  0
    ,"K02":"  1"
    ,"K17":  0
    ,"K19":  0
    ,"SLTon":"  1"
  },
  {
     "STT":199
    ,"MaVT":"911401092880."
    ,"TenVT":"HPK238 1xHPI-P250w-BU IC 220V-50Hz BK 911401092880"
    ,"DVT":"Cai"
    ,"K13":  0
    ,"K02":"  1"
    ,"K17":  0
    ,"K19":  0
    ,"SLTon":"  1"
  },
  {
     "STT":200
    ,"MaVT":"440400891141"
    ,"TenVT":"Led driver 220-240V 30VA"
    ,"DVT":"Cai"
    ,"K13":  0
    ,"K02":"  19"
    ,"K17":  0
    ,"K19":  0
    ,"SLTon":"  19"
  },
  {
     "STT":201
    ,"MaVT":"929001204437"
    ,"TenVT":"LED ESS LEDBulb 7W E27 3000K 230V A60 929001204437"
    ,"DVT":"Cai"
    ,"K13":  0
    ,"K02":"  8"
    ,"K17":  0
    ,"K19":  0
    ,"SLTon":"  8"
  },
  {
     "STT":202
    ,"MaVT":"929000250087"
    ,"TenVT":"Ledbulb 10.5-85W E27 6500K 230V A55"
    ,"DVT":"Cai"
    ,"K13":  0
    ,"K02":" 1 153"
    ,"K17":  0
    ,"K19":  0
    ,"SLTon":" 1 153"
  },
  {
     "STT":203
    ,"MaVT":"929000250067    "
    ,"TenVT":"LEDBulb 12.5-85w E27 6500k 230V A67 929000250067"
    ,"DVT":"Cai"
    ,"K13":  1
    ,"K02":"  1"
    ,"K17":  0
    ,"K19":  0
    ,"SLTon":"  2"
  },
  {
     "STT":204
    ,"MaVT":"929000277737"
    ,"TenVT":"Ledbulb 14-100W E27 6500K 230V A67 929000277707"
    ,"DVT":"Cai"
    ,"K13":  0
    ,"K02":"  119"
    ,"K17":  0
    ,"K19":  0
    ,"SLTon":"  119"
  },
  {
     "STT":205
    ,"MaVT":"LEDBULB24W WW-KPC"
    ,"TenVT":"Ledbulb 24W E27 3000K- WW - khaphaco"
    ,"DVT":"Cai"
    ,"K13":  0
    ,"K02":"  15"
    ,"K17":  0
    ,"K19":  0
    ,"SLTon":"  15"
  },
  {
     "STT":206
    ,"MaVT":"929001160707"
    ,"TenVT":"LEDBulb 3.5-25W E27 3000K 230V P45(APR)"
    ,"DVT":"Cai"
    ,"K13":  0
    ,"K02":"  3"
    ,"K17":  0
    ,"K19":  0
    ,"SLTon":"  3"
  },
  {
     "STT":207
    ,"MaVT":"929001160807"
    ,"TenVT":"LEDBulb 3-25W E27 6500K 230V P45(APR)"
    ,"DVT":"Cai"
    ,"K13":  0
    ,"K02":"  212"
    ,"K17":  0
    ,"K19":  0
    ,"SLTon":"  212"
  },
  {
     "STT":208
    ,"MaVT":"929001160907"
    ,"TenVT":"LEDBulb 4-40W E27 3000K 230V P45(APR) 929001160907  "
    ,"DVT":"Cai"
    ,"K13":  0
    ,"K02":"  350"
    ,"K17":  0
    ,"K19":  0
    ,"SLTon":"  350"
  },
  {
     "STT":209
    ,"MaVT":"929001161007"
    ,"TenVT":"LEDBulb 4-40W E27 6500K 230V P45(APR) 929001161007"
    ,"DVT":"Cai"
    ,"K13":  0
    ,"K02":"  22"
    ,"K17":  0
    ,"K19":  0
    ,"SLTon":"  22"
  },
  {
     "STT":210
    ,"MaVT":"929000248507"
    ,"TenVT":"LEDBulb 5-40W E27 3000K 230V A55 929000248507"
    ,"DVT":"Cai"
    ,"K13":  0
    ,"K02":"  19"
    ,"K17":  0
    ,"K19":  0
    ,"SLTon":"  19"
  },
  {
     "STT":211
    ,"MaVT":"929000248597"
    ,"TenVT":"LEDBulb 5-40W E27 3000K 230V A55 929000248597          "
    ,"DVT":"Cai"
    ,"K13":  0
    ,"K02":"  1"
    ,"K17":  0
    ,"K19":  0
    ,"SLTon":"  1"
  },
  {
     "STT":212
    ,"MaVT":"929001162237"
    ,"TenVT":"LEDBulb 9.5-70W E27 3000K 230V A60 929001162237"
    ,"DVT":"Cai"
    ,"K13":  0
    ,"K02":"  1"
    ,"K17":  0
    ,"K19":  0
    ,"SLTon":"  1"
  },
  {
     "STT":213
    ,"MaVT":"915004107701"
    ,"TenVT":"LEDINO 16825 wall lantem LED grey 1*7.5 915004107701"
    ,"DVT":"Cai"
    ,"K13":  0
    ,"K02":"  3"
    ,"K17":  0
    ,"K19":  0
    ,"SLTon":"  3"
  },
  {
     "STT":214
    ,"MaVT":"929001184508"
    ,"TenVT":"LEDtube 1200mm 16W 740 T8 AP C G 929001184508"
    ,"DVT":"Cai"
    ,"K13":  0
    ,"K02":"  92"
    ,"K17":  0
    ,"K19":  0
    ,"SLTon":"  92"
  },
  {
     "STT":215
    ,"MaVT":"929001184708"
    ,"TenVT":"LEDtube 600mm 8W 740 T8 AP C G 929001184708                       "
    ,"DVT":"Cai"
    ,"K13":  0
    ,"K02":"  165"
    ,"K17":  0
    ,"K19":  0
    ,"SLTon":"  165"
  },
  {
     "STT":216
    ,"MaVT":"MANGLED1BONG"
    ,"TenVT":"Máng Led chống thấm 1,2 mét 1 bóng "
    ,"DVT":"Cai"
    ,"K13":  0
    ,"K02":"  2"
    ,"K17":  0
    ,"K19":  0
    ,"SLTon":"  2"
  },
  {
     "STT":217
    ,"MaVT":"927907384002."
    ,"TenVT":"MASDTER PL-C 26W/840/4P 1CT/5X 10CC (hµng xÊu sñ dông ®­îc)"
    ,"DVT":"Cai"
    ,"K13":  0
    ,"K02":"  290"
    ,"K17":  0
    ,"K19":  0
    ,"SLTon":"  290"
  },
  {
     "STT":218
    ,"MaVT":"927906183001."
    ,"TenVT":"MASTER PL-C 26W/830/2P 927906183001"
    ,"DVT":"Cai"
    ,"K13":  0
    ,"K02":"  680"
    ,"K17":  0
    ,"K19":  0
    ,"SLTon":"  680"
  },
  {
     "STT":219
    ,"MaVT":"927907383001."
    ,"TenVT":"MASTER PL-C 26W/830/4P 1CT/5X 10CC 927907383001"
    ,"DVT":"Cai"
    ,"K13":  0
    ,"K02":"  350"
    ,"K17":  0
    ,"K19":  0
    ,"SLTon":"  350"
  },
  {
     "STT":220
    ,"MaVT":"927907386501."
    ,"TenVT":"MASTER PL-C 26W/865/4P 1CT/5X10CC 927907386501"
    ,"DVT":"Cai"
    ,"K13":  0
    ,"K02":"  19"
    ,"K17":  0
    ,"K19":  0
    ,"SLTon":"  19"
  },
  {
     "STT":221
    ,"MaVT":"927914884071."
    ,"TenVT":"MASTER PL-T 42W/840/4P 1CT/5X10BOX  927914884071"
    ,"DVT":"Cai"
    ,"K13":  0
    ,"K02":"  10"
    ,"K17":  0
    ,"K19":  0
    ,"SLTon":"  10"
  },
  {
     "STT":222
    ,"MaVT":"927965083013."
    ,"TenVT":"MASTER TL5 Circular 22W/830 1CT/10 927965083013"
    ,"DVT":"Cai"
    ,"K13":  0
    ,"K02":"  16"
    ,"K17":  0
    ,"K19":  0
    ,"SLTon":"  16"
  },
  {
     "STT":223
    ,"MaVT":"927965086513"
    ,"TenVT":"MASTER TL5 Circular 22W/865 1CT/10 927965086513"
    ,"DVT":"Cai"
    ,"K13":  0
    ,"K02":"  80"
    ,"K17":  0
    ,"K19":  0
    ,"SLTon":"  80"
  },
  {
     "STT":224
    ,"MaVT":"927965583013"
    ,"TenVT":"MASTER TL5 Circular 40W/830 1CT/10 927965583013"
    ,"DVT":"Cai"
    ,"K13":  0
    ,"K02":"  67"
    ,"K17":  0
    ,"K19":  0
    ,"SLTon":"  67"
  },
  {
     "STT":225
    ,"MaVT":"927965586513"
    ,"TenVT":"MASTER TL5 Circular 40W/865 1CT/10 927965586513"
    ,"DVT":"Cai"
    ,"K13":  0
    ,"K02":"  72"
    ,"K17":  0
    ,"K19":  0
    ,"SLTon":"  72"
  },
  {
     "STT":226
    ,"MaVT":"927965783013"
    ,"TenVT":"MASTER TL5 Circular 55W/830 1CT/10 927965783013"
    ,"DVT":"Cai"
    ,"K13":  0
    ,"K02":"  100"
    ,"K17":  0
    ,"K19":  0
    ,"SLTon":"  100"
  },
  {
     "STT":227
    ,"MaVT":"927965786513"
    ,"TenVT":"MASTER TL5 Circular 55W/865 1CT/10"
    ,"DVT":"Cai"
    ,"K13":  0
    ,"K02":"  100"
    ,"K17":  0
    ,"K19":  0
    ,"SLTon":"  100"
  },
  {
     "STT":228
    ,"MaVT":"927966083013"
    ,"TenVT":"MASTER TL5 Circular 60W/830 1CT/10"
    ,"DVT":"Cai"
    ,"K13":  0
    ,"K02":"  93"
    ,"K17":  0
    ,"K19":  0
    ,"SLTon":"  93"
  },
  {
     "STT":229
    ,"MaVT":"927966086513"
    ,"TenVT":"MASTER TL5 Circular 60W/865 1CT/10"
    ,"DVT":"Cai"
    ,"K13":  0
    ,"K02":"  96"
    ,"K17":  0
    ,"K19":  0
    ,"SLTon":"  96"
  },
  {
     "STT":230
    ,"MaVT":"928086505131"
    ,"TenVT":"MASTERC CDM-TC 70W/830 G8.5 1CT/12 928086505131"
    ,"DVT":"Cai"
    ,"K13":  0
    ,"K02":"  4"
    ,"K17":  0
    ,"K19":  0
    ,"SLTon":"  4"
  },
  {
     "STT":231
    ,"MaVT":"911400891480."
    ,"TenVT":"MCS551 C1xCDM-TC35W EB  911400891480"
    ,"DVT":"Cai"
    ,"K13":  3
    ,"K02":"  11"
    ,"K17":  0
    ,"K19":  0
    ,"SLTon":"  14"
  },
  {
     "STT":232
    ,"MaVT":"928480200191."
    ,"TenVT":"MH 100W/640 E27 P CO 1CT/24 928480200191"
    ,"DVT":"Cai"
    ,"K13":  0
    ,"K02":"  19"
    ,"K17":  0
    ,"K19":  0
    ,"SLTon":"  19"
  },
  {
     "STT":233
    ,"MaVT":"928484600092."
    ,"TenVT":"MH 150W/640 E27 CL 1SL/24 928484600092"
    ,"DVT":"Cai"
    ,"K13":  0
    ,"K02":"  19"
    ,"K17":  0
    ,"K19":  0
    ,"SLTon":"  19"
  },
  {
     "STT":234
    ,"MaVT":"911401154780."
    ,"TenVT":"P - FBS 110/118 911401154780"
    ,"DVT":"Cai"
    ,"K13":  0
    ,"K02":"  38"
    ,"K17":  0
    ,"K19":  0
    ,"SLTon":"  38"
  },
  {
     "STT":235
    ,"MaVT":"911401058080."
    ,"TenVT":"P - RVP350 SON-T400W KIC 220V-50Hz SSP 911401058080"
    ,"DVT":"Cai"
    ,"K13":  0
    ,"K02":"  2"
    ,"K17":  0
    ,"K19":  0
    ,"SLTon":"  2"
  },
  {
     "STT":236
    ,"MaVT":"919930151601."
    ,"TenVT":"PNE TEL 32LA 919930151601"
    ,"DVT":"Cai"
    ,"K13":  0
    ,"K02":"  3"
    ,"K17":  0
    ,"K19":  0
    ,"SLTon":"  3"
  },
  {
     "STT":237
    ,"MaVT":"919930150701."
    ,"TenVT":"PNE TEX 200A slim type emergency exit sign c/w LE 919930150701"
    ,"DVT":"Cai"
    ,"K13":  0
    ,"K02":"  8"
    ,"K17":  0
    ,"K19":  0
    ,"SLTon":"  8"
  },
  {
     "STT":238
    ,"MaVT":"919930152301."
    ,"TenVT":"PNE200AHF 100017898-919930152301"
    ,"DVT":"Cai"
    ,"K13":  0
    ,"K02":"  5"
    ,"K17":  0
    ,"K19":  0
    ,"SLTon":"  5"
  },
  {
     "STT":239
    ,"MaVT":"911401600501"
    ,"TenVT":"PS60 12VDC 100-240VAC 50/60HZ 911401600501"
    ,"DVT":"Cai"
    ,"K13":  0
    ,"K02":"  2"
    ,"K17":  0
    ,"K19":  0
    ,"SLTon":"  2"
  },
  {
     "STT":240
    ,"MaVT":"910403630255."
    ,"TenVT":"QBS020 1xMAX35WW/12V-GU4 WH 910403630255"
    ,"DVT":"Cai"
    ,"K13":  0
    ,"K02":"  21"
    ,"K17":  0
    ,"K19":  0
    ,"SLTon":"  21"
  },
  {
     "STT":241
    ,"MaVT":"910403630290"
    ,"TenVT":"QBS043 1xMAX50W/12V-GU5.3 WH 91040363290"
    ,"DVT":"Cai"
    ,"K13":  0
    ,"K02":"  2"
    ,"K17":  0
    ,"K19":  0
    ,"SLTon":"  2"
  },
  {
     "STT":242
    ,"MaVT":"911401159980."
    ,"TenVT":"QBS050MAX 50W-GX5.3 12VBK 911401159980"
    ,"DVT":"Cai"
    ,"K13":  0
    ,"K02":"  3"
    ,"K17":  0
    ,"K19":  0
    ,"SLTon":"  3"
  },
  {
     "STT":243
    ,"MaVT":"910401680480"
    ,"TenVT":"QBS105/05 220v/50Hz E 910401680480"
    ,"DVT":"Cai"
    ,"K13":  0
    ,"K02":"  18"
    ,"K17":  0
    ,"K19":  0
    ,"SLTon":"  18"
  },
  {
     "STT":244
    ,"MaVT":"915000067801"
    ,"TenVT":"QCG301 ceiling lamp aluminium 1x100W 240V"
    ,"DVT":"Cai"
    ,"K13":  0
    ,"K02":"  19"
    ,"K17":  0
    ,"K19":  0
    ,"SLTon":"  19"
  },
  {
     "STT":245
    ,"MaVT":"915000067601."
    ,"TenVT":"QCG301 ceiling lamp bronze 1x100W 240V 915000067601"
    ,"DVT":"Cai"
    ,"K13":  0
    ,"K02":"  51"
    ,"K17":  0
    ,"K19":  0
    ,"SLTon":"  51"
  },
  {
     "STT":246
    ,"MaVT":"915000067701."
    ,"TenVT":"QCG301 ceiling lamp nickel 1x100W 240V 915000067701"
    ,"DVT":"Cai"
    ,"K13":  0
    ,"K02":"  17"
    ,"K17":  0
    ,"K19":  0
    ,"SLTon":"  17"
  },
  {
     "STT":247
    ,"MaVT":"915002196501."
    ,"TenVT":"QCG310 ceiling lamp mixed 1x60W 230V 915002196501"
    ,"DVT":"Cai"
    ,"K13":  0
    ,"K02":"  1"
    ,"K17":  0
    ,"K19":  0
    ,"SLTon":"  1"
  },
  {
     "STT":248
    ,"MaVT":"915002196301"
    ,"TenVT":"QCG312 ceiling lamp yellow 1x60W 230V 915002196301"
    ,"DVT":"Cai"
    ,"K13":  0
    ,"K02":"  4"
    ,"K17":  0
    ,"K19":  0
    ,"SLTon":"  4"
  },
  {
     "STT":249
    ,"MaVT":"915002256301."
    ,"TenVT":"QCG325 GABRIELLE ceiling lamp bronze 915002256301"
    ,"DVT":"Cai"
    ,"K13":  0
    ,"K02":"  16"
    ,"K17":  0
    ,"K19":  0
    ,"SLTon":"  16"
  },
  {
     "STT":250
    ,"MaVT":"915002256701."
    ,"TenVT":"QCG328 JASMINE ceiling lamp BrownBrush 915002256701"
    ,"DVT":"Cai"
    ,"K13":  0
    ,"K02":"  2"
    ,"K17":  0
    ,"K19":  0
    ,"SLTon":"  2"
  },
  {
     "STT":251
    ,"MaVT":"915000079601."
    ,"TenVT":"QCZ805 ATOLL ceiling lamp white 1x60W 915000079601"
    ,"DVT":"Cai"
    ,"K13":  0
    ,"K02":"  2"
    ,"K17":  0
    ,"K19":  0
    ,"SLTon":"  2"
  },
  {
     "STT":252
    ,"MaVT":"915000079801."
    ,"TenVT":"QCZ807 ISLAND ceiling lamp white 2x60W 915000079801"
    ,"DVT":"Cai"
    ,"K13":  0
    ,"K02":"  2"
    ,"K17":  0
    ,"K19":  0
    ,"SLTon":"  2"
  },
  {
     "STT":253
    ,"MaVT":"915000077001."
    ,"TenVT":"QCZ808 AZUR ceiling lamp white 2x60W 240 915000077001"
    ,"DVT":"Cai"
    ,"K13":  0
    ,"K02":"  45"
    ,"K17":  0
    ,"K19":  0
    ,"SLTon":"  45"
  },
  {
     "STT":254
    ,"MaVT":"915000049201"
    ,"TenVT":"QPG303 pendant blue 1x60W 240V 915000049201"
    ,"DVT":"Cai"
    ,"K13":  0
    ,"K02":"  1"
    ,"K17":  0
    ,"K19":  0
    ,"SLTon":"  1"
  },
  {
     "STT":255
    ,"MaVT":"915000049001"
    ,"TenVT":"QPG303 pendant chrome 1x60W 240V 915000049001"
    ,"DVT":"Cai"
    ,"K13":  0
    ,"K02":"  1"
    ,"K17":  0
    ,"K19":  0
    ,"SLTon":"  1"
  },
  {
     "STT":256
    ,"MaVT":"915000049701."
    ,"TenVT":"QPG304 pendant blue 1x100W 240V 915000049701"
    ,"DVT":"Cai"
    ,"K13":  0
    ,"K02":"  1"
    ,"K17":  0
    ,"K19":  0
    ,"SLTon":"  1"
  },
  {
     "STT":257
    ,"MaVT":"915002139701"
    ,"TenVT":"QPG309 pendant nickel 1x75W 240V 915002139701"
    ,"DVT":"Cai"
    ,"K13":  0
    ,"K02":"  1"
    ,"K17":  0
    ,"K19":  0
    ,"SLTon":"  1"
  },
  {
     "STT":258
    ,"MaVT":"915002140301"
    ,"TenVT":"QPG310 pendant nickel 3x75W 240V 915002140301"
    ,"DVT":"Cai"
    ,"K13":  0
    ,"K02":"  1"
    ,"K17":  0
    ,"K19":  0
    ,"SLTon":"  1"
  },
  {
     "STT":259
    ,"MaVT":"915002258201"
    ,"TenVT":"QPG319 pendant black 1x100W 230V 915002258201"
    ,"DVT":"Cai"
    ,"K13":  0
    ,"K02":"  35"
    ,"K17":  0
    ,"K19":  0
    ,"SLTon":"  35"
  },
  {
     "STT":260
    ,"MaVT":"915002258301."
    ,"TenVT":"QPG320 pendant black 1x100W 230V 915002258301"
    ,"DVT":"Cai"
    ,"K13":  0
    ,"K02":"  3"
    ,"K17":  0
    ,"K19":  0
    ,"SLTon":"  3"
  },
  {
     "STT":261
    ,"MaVT":"915002257601"
    ,"TenVT":"QPG321 pendant black 3x75W 230V 915002257601"
    ,"DVT":"Cai"
    ,"K13":  0
    ,"K02":"  26"
    ,"K17":  0
    ,"K19":  0
    ,"SLTon":"  26"
  },
  {
     "STT":262
    ,"MaVT":"915002164401."
    ,"TenVT":"QWG311 wall lamp antracit 1x23W 240V 915002164401"
    ,"DVT":"Cai"
    ,"K13":  0
    ,"K02":"  1"
    ,"K17":  0
    ,"K19":  0
    ,"SLTon":"  1"
  },
  {
     "STT":263
    ,"MaVT":"915002164301."
    ,"TenVT":"QWG311 wall lamp white 1x23W 240V 915002164301"
    ,"DVT":"Cai"
    ,"K13":  0
    ,"K02":"  1"
    ,"K17":  0
    ,"K19":  0
    ,"SLTon":"  1"
  },
  {
     "STT":264
    ,"MaVT":"915002165301"
    ,"TenVT":"QWG313 wall lamp Gold painting 1x60W 240 915002165301"
    ,"DVT":"Cai"
    ,"K13":  0
    ,"K02":"  15"
    ,"K17":  0
    ,"K19":  0
    ,"SLTon":"  15"
  },
  {
     "STT":265
    ,"MaVT":"915002219001."
    ,"TenVT":"QWG316 wall lamp nickel 1x60W 230V 915002219001"
    ,"DVT":"Cai"
    ,"K13":  0
    ,"K02":"  102"
    ,"K17":  0
    ,"K19":  0
    ,"SLTon":"  102"
  },
  {
     "STT":266
    ,"MaVT":"915002196801."
    ,"TenVT":"QWG318 wall lamp mixed 1x60W 230V 915002196801"
    ,"DVT":"Cai"
    ,"K13":  0
    ,"K02":"  12"
    ,"K17":  0
    ,"K19":  0
    ,"SLTon":"  12"
  },
  {
     "STT":267
    ,"MaVT":"915002257001."
    ,"TenVT":"QWZ326 wall lamp BrownBrush 1x60W 230V 915002257001"
    ,"DVT":"Cai"
    ,"K13":  0
    ,"K02":"  11"
    ,"K17":  0
    ,"K19":  0
    ,"SLTon":"  11"
  },
  {
     "STT":268
    ,"MaVT":"911401502721"
    ,"TenVT":"RS291B LED40/830 PSU-E MB WH 911401502721"
    ,"DVT":"Cai"
    ,"K13":  0
    ,"K02":"  2"
    ,"K17":  0
    ,"K19":  0
    ,"SLTon":"  2"
  },
  {
     "STT":269
    ,"MaVT":"913710010514."
    ,"TenVT":"SN58 913710010514"
    ,"DVT":"Cai"
    ,"K13":  0
    ,"K02":"  1"
    ,"K17":  0
    ,"K19":  0
    ,"SLTon":"  1"
  },
  {
     "STT":270
    ,"MaVT":"928481500091."
    ,"TenVT":"SON-T 100W E E40 SLV /12 928481500091"
    ,"DVT":"Cai"
    ,"K13":  0
    ,"K02":"  3"
    ,"K17":  0
    ,"K19":  0
    ,"SLTon":"  3"
  },
  {
     "STT":271
    ,"MaVT":"928487200091."
    ,"TenVT":"SON-T250W E E40 SLV/12 928487200091"
    ,"DVT":"Cai"
    ,"K13":  0
    ,"K02":"  5"
    ,"K17":  0
    ,"K19":  0
    ,"SLTon":"  5"
  },
  {
     "STT":272
    ,"MaVT":"911400990480"
    ,"TenVT":"SPP186 MAX250W-E40 E GB GR 48/60S"
    ,"DVT":"Cai"
    ,"K13":  1
    ,"K02":"  0"
    ,"K17":  0
    ,"K19":  0
    ,"SLTon":"  1"
  },
  {
     "STT":273
    ,"MaVT":"921421043329"
    ,"TenVT":"Stan 40W E14 220-240V P45 CL 1CT/10X10F 921421043329"
    ,"DVT":"Cai"
    ,"K13":  1
    ,"K02":"  2"
    ,"K17":  0
    ,"K19":  0
    ,"SLTon":"  3"
  },
  {
     "STT":274
    ,"MaVT":"829918530351"
    ,"TenVT":"TBS067 2xTL-D36W EBC FC2 829918530351"
    ,"DVT":"Cai"
    ,"K13":  0
    ,"K02":"  1"
    ,"K17":  0
    ,"K19":  0
    ,"SLTon":"  1"
  },
  {
     "STT":275
    ,"MaVT":"829918530361"
    ,"TenVT":"TBS067 3xTL-D36W EBC FC2 829918530361"
    ,"DVT":"Cai"
    ,"K13":  4
    ,"K02":"  10"
    ,"K17":  0
    ,"K19":  0
    ,"SLTon":"  14"
  },
  {
     "STT":276
    ,"MaVT":"910403399201"
    ,"TenVT":"TBS068 3xTL-D18W HF M2 910403399201"
    ,"DVT":"Cai"
    ,"K13":  0
    ,"K02":"  1"
    ,"K17":  0
    ,"K19":  0
    ,"SLTon":"  1"
  },
  {
     "STT":277
    ,"MaVT":"910403630650"
    ,"TenVT":"TBS288 3xTL5-28W HF FC2 IPP 910403630650"
    ,"DVT":"Cai"
    ,"K13":  0
    ,"K02":"  1"
    ,"K17":  0
    ,"K19":  0
    ,"SLTon":"  1"
  },
  {
     "STT":278
    ,"MaVT":"915002161801"
    ,"TenVT":"TCG700 ceiling lamp brass 1x25W 240V 915002161801"
    ,"DVT":"Cai"
    ,"K13":  0
    ,"K02":"  24"
    ,"K17":  0
    ,"K19":  0
    ,"SLTon":"  24"
  },
  {
     "STT":279
    ,"MaVT":"915002161901"
    ,"TenVT":"TCG700 ceiling lamp chrome 1x25W 240V 915002161901"
    ,"DVT":"Cai"
    ,"K13":  0
    ,"K02":"  2"
    ,"K17":  0
    ,"K19":  0
    ,"SLTon":"  2"
  },
  {
     "STT":280
    ,"MaVT":"915002162001"
    ,"TenVT":"TCG700 ceiling lamp white 1x25W 240V 915002162001"
    ,"DVT":"Cai"
    ,"K13":  0
    ,"K02":"  9"
    ,"K17":  0
    ,"K19":  0
    ,"SLTon":"  9"
  },
  {
     "STT":281
    ,"MaVT":"911401515221"
    ,"TenVT":"TCH086 1XTL5-14W/865 EI 220-240V EV C 911401515221"
    ,"DVT":"Cai"
    ,"K13":  0
    ,"K02":"  73"
    ,"K17":  0
    ,"K19":  0
    ,"SLTon":"  73"
  },
  {
     "STT":282
    ,"MaVT":"911401514821"
    ,"TenVT":"TCH086 1XTL5-28W/865 HF 220-240V EV C 911401514821"
    ,"DVT":"Cai"
    ,"K13":  0
    ,"K02":"  3"
    ,"K17":  0
    ,"K19":  0
    ,"SLTon":"  3"
  },
  {
     "STT":283
    ,"MaVT":"911400868580."
    ,"TenVT":"TCH086 TL5-14W/830 EI 220-240V 911400868580"
    ,"DVT":"Cai"
    ,"K13":  1
    ,"K02":"  45"
    ,"K17":  0
    ,"K19":  0
    ,"SLTon":"  46"
  },
  {
     "STT":284
    ,"MaVT":"911400868480"
    ,"TenVT":"TCH086 TL5-14W/840 EI 220-240V 911400868480"
    ,"DVT":"Cai"
    ,"K13":  0
    ,"K02":"  62"
    ,"K17":  0
    ,"K19":  0
    ,"SLTon":"  62"
  },
  {
     "STT":285
    ,"MaVT":"911400869280."
    ,"TenVT":"TCH086 TL5-28W/830 HF 220-240V 911400869280"
    ,"DVT":"Cai"
    ,"K13":  0
    ,"K02":"  1"
    ,"K17":  0
    ,"K19":  0
    ,"SLTon":"  1"
  },
  {
     "STT":286
    ,"MaVT":"911400869180"
    ,"TenVT":"TCH086 TL5-28W/840 HF 220-240V 911400869180"
    ,"DVT":"Cai"
    ,"K13":  1
    ,"K02":"  0"
    ,"K17":  0
    ,"K19":  1
    ,"SLTon":"  2"
  },
  {
     "STT":287
    ,"MaVT":"911400869080"
    ,"TenVT":"TCH086 TL5-28W/865 911400869080"
    ,"DVT":"Cai"
    ,"K13":  1
    ,"K02":"  0"
    ,"K17":  0
    ,"K19":  0
    ,"SLTon":"  1"
  },
  {
     "STT":288
    ,"MaVT":"910403355380."
    ,"TenVT":"TCH128C1xTL5-14W/840 HF 220-240V 910403355380"
    ,"DVT":"Cai"
    ,"K13":  0
    ,"K02":"  49"
    ,"K17":  0
    ,"K19":  0
    ,"SLTon":"  49"
  },
  {
     "STT":289
    ,"MaVT":"919930154701."
    ,"TenVT":"TCS012 2XTL- D36W 2xEBC 220V- 50HZ P VN-919930154701"
    ,"DVT":"Cai"
    ,"K13":  0
    ,"K02":"  1"
    ,"K17":  0
    ,"K19":  0
    ,"SLTon":"  1"
  },
  {
     "STT":290
    ,"MaVT":"911401120580."
    ,"TenVT":"TCS282 SHELL ceiling lamp white 1x25W 911401120580"
    ,"DVT":"Cai"
    ,"K13":  0
    ,"K02":"  9"
    ,"K17":  0
    ,"K19":  0
    ,"SLTon":"  9"
  },
  {
     "STT":291
    ,"MaVT":"911401133980."
    ,"TenVT":"TCS285 ceiling lamp white 1x25W 240V 911401133980"
    ,"DVT":"Cai"
    ,"K13":  0
    ,"K02":"  4"
    ,"K17":  0
    ,"K19":  0
    ,"SLTon":"  4"
  },
  {
     "STT":292
    ,"MaVT":"823807827711"
    ,"TenVT":"TCW060 C 1xTL-D36 EBC 220V FD 823807827711"
    ,"DVT":"Cai"
    ,"K13":  0
    ,"K02":"  1"
    ,"K17":  0
    ,"K19":  0
    ,"SLTon":"  1"
  },
  {
     "STT":293
    ,"MaVT":"910403630028."
    ,"TenVT":"TCW060 C 1xTL-D36W HF 220V 910403630028"
    ,"DVT":"Cai"
    ,"K13":  0
    ,"K02":"  32"
    ,"K17":  0
    ,"K19":  0
    ,"SLTon":"  32"
  },
  {
     "STT":294
    ,"MaVT":"910403630029."
    ,"TenVT":"Tcw060 C 2Xtl-D36W Hf 220V 910403630029"
    ,"DVT":"Cai"
    ,"K13":  1
    ,"K02":"  0"
    ,"K17":  0
    ,"K19":  0
    ,"SLTon":"  1"
  },
  {
     "STT":295
    ,"MaVT":"910401983480."
    ,"TenVT":"TCW097 1xTL5-14W HFA 220V 50Hz 910401983480"
    ,"DVT":"Cai"
    ,"K13":  0
    ,"K02":"  5"
    ,"K17":  0
    ,"K19":  0
    ,"SLTon":"  5"
  },
  {
     "STT":296
    ,"MaVT":"910502783418"
    ,"TenVT":"TCW216 1xTL-D36W HFP Z2/22-3C-T6 910502783418"
    ,"DVT":"Cai"
    ,"K13":  0
    ,"K02":"  1"
    ,"K17":  0
    ,"K19":  0
    ,"SLTon":"  1"
  },
  {
     "STT":297
    ,"MaVT":"927925984058."
    ,"TenVT":"TL5 Essential 14W/840 1SL/40 927925984058"
    ,"DVT":"Cai"
    ,"K13":  0
    ,"K02":"  81"
    ,"K17":  0
    ,"K19":  0
    ,"SLTon":"  81"
  },
  {
     "STT":298
    ,"MaVT":"927925986558."
    ,"TenVT":"TL-5 ESSENTIAL 14W/865 1SL/40 - 927925986558"
    ,"DVT":"Cai"
    ,"K13":  0
    ,"K02":"  37"
    ,"K17":  0
    ,"K19":  0
    ,"SLTon":"  37"
  },
  {
     "STT":299
    ,"MaVT":"927926483058"
    ,"TenVT":"TL-5 ESSENTIAL 21W/830 1SLV/40 927926483058"
    ,"DVT":"Cai"
    ,"K13":  0
    ,"K02":"  22"
    ,"K17":  0
    ,"K19":  0
    ,"SLTon":"  22"
  },
  {
     "STT":300
    ,"MaVT":"927926486558"
    ,"TenVT":"TL-5 ESSENTIAL 21W/865 1SL/40 927926486558"
    ,"DVT":"Cai"
    ,"K13":  0
    ,"K02":"  19"
    ,"K17":  0
    ,"K19":  0
    ,"SLTon":"  19"
  },
  {
     "STT":301
    ,"MaVT":"927926783058."
    ,"TenVT":"TL-5 ESSENTIAL 28W/830 SLV/40 927926783058"
    ,"DVT":"Cai"
    ,"K13":  0
    ,"K02":"  0"
    ,"K17":  0
    ,"K19":  1
    ,"SLTon":"  1"
  },
  {
     "STT":302
    ,"MaVT":"927926786558."
    ,"TenVT":"TL-5 Essential 28W/865 SLV/40 927926786558"
    ,"DVT":"Cai"
    ,"K13":  0
    ,"K02":"  12"
    ,"K17":  0
    ,"K19":  0
    ,"SLTon":"  12"
  },
  {
     "STT":303
    ,"MaVT":"927925886536"
    ,"TenVT":"TL5 EssentialView 28W/865 1SL/40 927925886536"
    ,"DVT":"Cai"
    ,"K13":  0
    ,"K02":"  42"
    ,"K17":  0
    ,"K19":  0
    ,"SLTon":"  42"
  },
  {
     "STT":304
    ,"MaVT":"927997486507"
    ,"TenVT":"TL5 RetroSave-H 28W/865 1CT/30 927997486507"
    ,"DVT":"Cai"
    ,"K13":  0
    ,"K02":"  125"
    ,"K17":  0
    ,"K19":  0
    ,"SLTon":"  125"
  },
  {
     "STT":305
    ,"MaVT":"926000205061"
    ,"TenVT":"TL-D 18W/54-765 SL/30 926000205061"
    ,"DVT":"Cai"
    ,"K13":  0
    ,"K02":"  200"
    ,"K17":  0
    ,"K19":  0
    ,"SLTon":"  200"
  },
  {
     "STT":306
    ,"MaVT":"927982283036."
    ,"TenVT":"TL-D 36W/830 1SL/25 - 927982283036"
    ,"DVT":"Cai"
    ,"K13":  0
    ,"K02":"  33"
    ,"K17":  0
    ,"K19":  0
    ,"SLTon":"  33"
  },
  {
     "STT":307
    ,"MaVT":"927982284036"
    ,"TenVT":"TL-D 36W/840 1SL/25 - 927982284036"
    ,"DVT":"Cai"
    ,"K13":  0
    ,"K02":"  27"
    ,"K17":  0
    ,"K19":  0
    ,"SLTon":"  27"
  },
  {
     "STT":308
    ,"MaVT":"927980283036."
    ,"TenVT":"TLD SUPER 80 18W/830 SLV /25 927980283036"
    ,"DVT":"Cai"
    ,"K13":  0
    ,"K02":"  34"
    ,"K17":  0
    ,"K19":  0
    ,"SLTon":"  34"
  },
  {
     "STT":309
    ,"MaVT":"927980286536."
    ,"TenVT":"TL-D SUPER 80 18W/865 SLV/25 927980286536"
    ,"DVT":"Cai"
    ,"K13":  0
    ,"K02":"  46"
    ,"K17":  0
    ,"K19":  0
    ,"SLTon":"  46"
  },
  {
     "STT":310
    ,"MaVT":"928026203336"
    ,"TenVT":"TL-E 22W/33-640 1CT/20 928026203336"
    ,"DVT":"Cai"
    ,"K13":  0
    ,"K02":"  29"
    ,"K17":  0
    ,"K19":  0
    ,"SLTon":"  29"
  },
  {
     "STT":311
    ,"MaVT":"928026305436"
    ,"TenVT":"TL-E 32W/54-765 1CT/20 928026305436"
    ,"DVT":"Cai"
    ,"K13":  0
    ,"K02":"  15"
    ,"K17":  0
    ,"K19":  0
    ,"SLTon":"  15"
  },
  {
     "STT":312
    ,"MaVT":"910400960911"
    ,"TenVT":"TMS008 1xTL-D18 EBC-EP 220-240V 50Hz 910400960911"
    ,"DVT":"Cai"
    ,"K13":  0
    ,"K02":"  1"
    ,"K17":  0
    ,"K19":  0
    ,"SLTon":"  1"
  },
  {
     "STT":313
    ,"MaVT":"910400960921"
    ,"TenVT":"TMS008 1xTL-D36W EBC-EP 220-240V 50Hz VN 910400960921"
    ,"DVT":"Cai"
    ,"K13":  0
    ,"K02":"  17"
    ,"K17":  0
    ,"K19":  0
    ,"SLTon":"  17"
  },
  {
     "STT":314
    ,"MaVT":"910400911121."
    ,"TenVT":"TMS012 1xTL-D18W I220V-50HZ TH"
    ,"DVT":"Cai"
    ,"K13":  0
    ,"K02":"  1"
    ,"K17":  0
    ,"K19":  0
    ,"SLTon":"  1"
  },
  {
     "STT":315
    ,"MaVT":"910400921121."
    ,"TenVT":"TMS012 1xTL-D36W I MKII 220/50(NEW 12NC)"
    ,"DVT":"Cai"
    ,"K13":  0
    ,"K02":"  3"
    ,"K17":  0
    ,"K19":  0
    ,"SLTon":"  3"
  },
  {
     "STT":316
    ,"MaVT":"910400951511."
    ,"TenVT":"TMS012 2xTL-D36W EB-C 2x36W Fluo. Batte"
    ,"DVT":"Cai"
    ,"K13":  0
    ,"K02":"  1"
    ,"K17":  0
    ,"K19":  0
    ,"SLTon":"  1"
  },
  {
     "STT":317
    ,"MaVT":"929689868602"
    ,"TenVT":"TORNADO 12W CDL E27 220-240V 1CT/12 929689868602"
    ,"DVT":"Cai"
    ,"K13":  0
    ,"K02":"  1"
    ,"K17":  0
    ,"K19":  0
    ,"SLTon":"  1"
  },
  {
     "STT":318
    ,"MaVT":"929689868502"
    ,"TenVT":"TORNADO 12W WW E27 220-240V 1CT/12 929689868502"
    ,"DVT":"Cai"
    ,"K13":  0
    ,"K02":"  27"
    ,"K17":  0
    ,"K19":  0
    ,"SLTon":"  27"
  },
  {
     "STT":319
    ,"MaVT":"929689848301"
    ,"TenVT":"TORNADO 20W WW E27 220-240 1CT/12 929689848301"
    ,"DVT":"Cai"
    ,"K13":  0
    ,"K02":"  18"
    ,"K17":  0
    ,"K19":  0
    ,"SLTon":"  18"
  },
  {
     "STT":320
    ,"MaVT":"929689848601"
    ,"TenVT":"TORNADO 24W CDL E27 220-240V 1CT/12 929689848601"
    ,"DVT":"Cai"
    ,"K13":  0
    ,"K02":"  2"
    ,"K17":  0
    ,"K19":  0
    ,"SLTon":"  2"
  },
  {
     "STT":321
    ,"MaVT":"929689848501."
    ,"TenVT":"TORNADO 24W WW E27 220-240V 1CT/12 929689848501"
    ,"DVT":"Cai"
    ,"K13":  0
    ,"K02":"  2"
    ,"K17":  0
    ,"K19":  0
    ,"SLTon":"  2"
  },
  {
     "STT":322
    ,"MaVT":"929689848101."
    ,"TenVT":"TORNADO T2 15W WW E27 220-240V 1CT/12 929689848101"
    ,"DVT":"Cai"
    ,"K13":  0
    ,"K02":"  61"
    ,"K17":  0
    ,"K19":  0
    ,"SLTon":"  61"
  },
  {
     "STT":323
    ,"MaVT":"915004486101"
    ,"TenVT":"Window wall lantern grey 2x18w 230V 915004486101"
    ,"DVT":"Cai"
    ,"K13":  0
    ,"K02":"  3"
    ,"K17":  0
    ,"K19":  0
    ,"SLTon":"  3"
  },
  {
     "STT":324
    ,"MaVT":"915004486301"
    ,"TenVT":"Window wall lantern grey 2x18w 230V 915004486301"
    ,"DVT":"Cai"
    ,"K13":  0
    ,"K02":"  4"
    ,"K17":  0
    ,"K19":  0
    ,"SLTon":"  4"
  },
  {
     "STT":325
    ,"MaVT":"913710299702"
    ,"TenVT":"Xitanium 100W 24V INTELLIVOLT ROHS 913710299702"
    ,"DVT":"Cai"
    ,"K13":  0
    ,"K02":"  1"
    ,"K17":  0
    ,"K19":  0
    ,"SLTon":"  1"
  },
  {
     "STT":326
    ,"MaVT":"910930027818"
    ,"TenVT":"ZBD410 RMB - 910930027818"
    ,"DVT":"Cai"
    ,"K13":  0
    ,"K02":"  2"
    ,"K17":  0
    ,"K19":  0
    ,"SLTon":"  2"
  },
  {
     "STT":327
    ,"MaVT":"910403630250."
    ,"TenVT":"ZBH135 C FRG FROSTED GLASS 910403630250"
    ,"DVT":"Cai"
    ,"K13":  0
    ,"K02":"  114"
    ,"K17":  0
    ,"K19":  0
    ,"SLTon":"  114"
  },
  {
     "STT":328
    ,"MaVT":"910403630252."
    ,"TenVT":"ZBH145 FRG FROSTED GLASS 910403630252"
    ,"DVT":"Cai"
    ,"K13":  0
    ,"K02":"  255"
    ,"K17":  0
    ,"K19":  0
    ,"SLTon":"  255"
  },
  {
     "STT":329
    ,"MaVT":"911400869580."
    ,"TenVT":"ZCH066 C-2 EN 911400869580"
    ,"DVT":"Cai"
    ,"K13":  1
    ,"K02":"  0"
    ,"K17":  0
    ,"K19":  0
    ,"SLTon":"  1"
  },
  {
     "STT":330
    ,"MaVT":"910403630742."
    ,"TenVT":"ZCH128 C-2 910403630742"
    ,"DVT":"Cai"
    ,"K13":  0
    ,"K02":" 1 315"
    ,"K17":  0
    ,"K19":  0
    ,"SLTon":" 1 315"
  },
  {
     "STT":331
    ,"MaVT":"910403630745."
    ,"TenVT":"ZCH128 TB2 910403630745"
    ,"DVT":"Cai"
    ,"K13":  0
    ,"K02":"  38"
    ,"K17":  0
    ,"K19":  0
    ,"SLTon":"  38"
  }]